Identifier,Labels,Translation
general-intro1,general,Hi! We are excited to have you play some games with us today!
general-intro2,general,"First, you get to choose a buddy to play along with you. As you complete the different games, you will get to pick an accessory like a hat or glasses to decorate your buddy."
pick-buddy,general,Pick a buddy to play with!
general-intro3,general,"Now that you have your buddy, we want to explain how the games work."
general-intro4,general,"During the games you will need to listen to instructions so make sure your speakers are on and the volume is the way you like it. If you need to hear the instructions again, you can click the speaker button up in the corner of your screen."
general-intro5,general,"You can choose your answers in different ways depending on the type of tablet or computer you are using. You can use a mouse or touchpad to click your choice, you can use the arrow keys on your keyboard, or you can touch your screen if you are using a tablet. You can pick the way that works best for you.

If you have any questions or need help getting started, please ask the adult who is nearby to help you. "
task-finished,general,You've completed the game. Thank you!
continue-button-text,general,OK
close-button-text,general,Close
general-footer,general,Click the button below or press <b>ANY KEY</b> to continue
instructions,general,instructions
general-encourage,general,Keep Going!
feedbackCorrect,general,Great! That's right.
feedback-try-again,general,Please try again!
feedback-good-job,general,Good job!
feedback-nice-work,general,Nice work!
replay-button,general,Press the speaker button if you want the question repeated.
general-fullscreen,general,Switch to full screen mode
general-repeat-instructions,general,Looks like this is a little tricky! Let’s review the instructions.
general-keyboard-instructions,general,"If you want to use your keyboard to answer a question, press the arrow key shown next to your choice."
intro-finished,general,You've finished the instructions. Thank you!
general-exit,general,Exit
task-completion,general,You've finished this game. Thank you!
matrix-reasoning-instruct1,matrix-reasoning,"We’re going to show you a puzzle, and your job is to pick the best piece to complete the puzzle. Let's get started!"
matrix-reasoning-instruct2,matrix-reasoning,See this big puzzle? It's missing a piece! Which piece goes in the puzzle?
matrix-reasoning-prompt1,matrix-reasoning,Choose the best pattern to fill in the blank.
mental-rotation,mental-rotation,Do you see these two outlines? One goes with this shape. Let’s see which one goes with the shape.
mental-rotation-training-instruct2,mental-rotation,Let's see if this shape goes with the outline. This shape doesn’t go with the outline.
mental-rotation-training-instruct3,mental-rotation,Let's see if this shape goes with the outline. This shape does go with the outline.
mental-rotation-test-instruct4,mental-rotation,Now you try! Can you find the shape that goes with the outline?
mental-rotation-instruct-3D,mental-rotation,Now you will see pictures that show blocks with three sides. Your task is to choose the matching picture.
mental-rotation-prompt2,mental-rotation,Choose the picture that matches this one.
mental-rotation-prompt1,mental-rotation,Choose the matching picture.
math-instructions1,math,"In this game, you will do some math problems. Some will be like the ones you do in school and some will be a little different than what you do in school. Some questions might be easy for you and some might be hard. That is okay! Please try your best and take your time. Most of the questions will have four choices. You choose the one you think is right. Let’s get started!"
number-comparison-prompt1,"math, number-comparison",Which number is larger?
number-comparison-prompt2,"math, number-comparison",Which is larger?
number-identification-prompt1,"math, number-identification",Choose the number you hear.
missing-number-prompt1,"math, missing-number",What number goes in the blank?
missing-number-prompt2,"math, missing-number",What number goes here?
addition-prompt1,"math, addition",Add the numbers and choose the correct answer.
addition-prompt2,"math, addition",Add the numbers.
subtraction-prompt1,"math, subtraction",Subtract the numbers and choose the correct answer.
subtraction-prompt2,"math, subtraction",Subtract the numbers.
multiplication-prompt1,"math, multiplication",Multiply the numbers and choose the correct answer.
multiplication-prompt2,"math, multiplication",Multiply the numbers.
number-line-instruct1,math,Here is a number line. You can move the red line forward and backward along the black line. Move the red line so it is in the right place to show where the number would fit. Make sure you look at the numbers at each end when deciding where to move the red line.
number-line-prompt1,"math, number-line-4AFC",Choose the number that is marked on the number line.
number-line-slider-prompt1,math,Move the red line to mark the number.
number-identification-1,"math, number-identification",Choose the number 1.
number-identification-2,"math, number-identification",Choose the 2.
number-identification-3,"math, number-identification",Choose the 9.
number-identification-4,"math, number-identification",Choose the 0.
number-identification-5,"math, number-identification",Choose the 12.
number-identification-6,"math, number-identification",Choose the 30.
number-identification-7,"math, number-identification",Choose the 22.
number-identification-8,"math, number-identification",Choose the 45.
number-identification-9,"math, number-identification",Choose the 39.
number-identification-10,"math, number-identification",Choose the 23.
number-identification-11,"math, number-identification",Choose the 48.
number-identification-12,"math, number-identification",Choose the 91.
number-identification-13,"math, number-identification",Choose the 33.
number-identification-14,"math, number-identification",Choose the 74.
number-identification-15,"math, number-identification",Choose the 87.
number-identification-16,"math, number-identification",Choose the 65.
number-identification-17,"math, number-identification",Choose the 108.
number-identification-18,"math, number-identification",Choose the 245.
number-identification-19,"math, number-identification",Choose the 587.
number-identification-20,"math, number-identification",Choose the 731.
number-identification-21,"math, number-identification",Choose the 989.
trog-instruct1,trog,"Now we're going to play a matching game! I'm going to say some words, and you choose the picture that goes with what I say. Let's get started!"
trog-prompt1,trog,Choose the picture of the...
trog-prompt2,trog,Choose the picture of...
trog-prompt3,trog,Choose the picture that shows...
trog-item-1,trog,Choose the picture of the shoe.
trog-item-2,trog,Choose the picture of the bird.
trog-item-3,trog,Choose the picture of the comb.
trog-item-4,trog,Choose the picture of the apple.
trog-item-5,trog,Choose the picture that shows eating.
trog-item-6,trog,Choose the picture that shows picking.
trog-item-7,trog,Choose the picture that shows sitting.
trog-item-8,trog,Choose the picture that shows running.
trog-item-9,trog,Choose the picture that shows long.
trog-item-10,trog,Choose the picture that shows tall.
trog-item-11,trog,Choose the picture that shows red.
trog-item-12,trog,Choose the picture that shows black.
trog-item-13,trog,the boy is running
trog-item-14,trog,the big cup
trog-item-15,trog,the dog is sitting
trog-item-16,trog,the red ball
trog-item-17,trog,the boy is not running
trog-item-18,trog,the dog is not drinking
trog-item-19,trog,the girl is not jumping
trog-item-20,trog,the dog is not sitting
trog-item-21,trog,the boy is jumping over the box
trog-item-22,trog,the girl is sitting on the table
trog-item-23,trog,the man is eating the apple
trog-item-24,trog,the lady is carrying the bag
trog-item-25,trog,they are sitting on the table
trog-item-26,trog,the cow is looking at them
trog-item-27,trog,they are jumping over the wall
trog-item-28,trog,the elephant is carrying them
trog-item-29,trog,the girl is pushing the horse
trog-item-30,trog,the boy is chasing the sheep
trog-item-31,trog,the man is chasing the dog
trog-item-32,trog,the cow is pushing the lady
trog-item-33,trog,she is sitting on the chair
trog-item-34,trog,the lady is carrying him
trog-item-35,trog,he is sitting in the tree
trog-item-36,trog,the horse is looking at her
trog-item-37,trog,the cats look at the ball
trog-item-38,trog,the boy stands on the chairs
trog-item-39,trog,the boys pick the apples
trog-item-40,trog,the girl drops the cups
trog-item-41,trog,the fork is longer than the pencil
trog-item-42,trog,the box is bigger than the cup
trog-item-43,trog,the shoe is bigger than the bird
trog-item-44,trog,the horse is taller than the wall
trog-item-45,trog,the girl is chased by the horse
trog-item-46,trog,the elephant is pushed by the boy
trog-item-47,trog,the horse is chased by the man
trog-item-48,trog,the cow is pushed by the man
trog-item-49,trog,the cup is in the box
trog-item-50,trog,the pencil is on the box
trog-item-51,trog,the circle is in the star
trog-item-52,trog,the fork is on the shoe
trog-item-53,trog,the boy chasing the horse is tall
trog-item-54,trog,the pencil on the shoe is blue
trog-item-55,trog,the cow chasing the cat is brown
trog-item-56,trog,the circle in the star is yellow
trog-item-57,trog,the box but not the chair is red
trog-item-58,trog,the cat is big but not black
trog-item-59,trog,the horse but not the boy is standing
trog-item-60,trog,the boy is sitting but not eating
trog-item-61,trog,the pencil is above the flower
trog-item-62,trog,the comb is below the spoon
trog-item-63,trog,the star is above the circle
trog-item-64,trog,the square is below the star
trog-item-65,trog,not only the bird but also the flower is blue
trog-item-66,trog,the box is not only big but also blue
trog-item-67,trog,not only the girl but also the cat is sitting
trog-item-68,trog,the girl has not only food but also a drink
trog-item-69,trog,the pencil is on the book that is yellow
trog-item-70,trog,the girl chases the dog that is big
trog-item-71,trog,the square is in the star that is blue
trog-item-72,trog,the dog chases the horse that is brown
trog-item-73,trog,neither the dog nor the ball is brown
trog-item-74,trog,the pencil is neither long nor red
trog-item-75,trog,neither the boy nor the horse is running
trog-item-76,trog,the boy has neither hat nor shoes
trog-item-77,trog,the book the pencil is on is red
trog-item-78,trog,the cat the cow chases is black
trog-item-79,trog,the circle the star is in is red
trog-item-80,trog,the boy the dog chases is big
trog-item-81,trog,the horse drank water by the barn and the sheep ate grass by the fence
trog-item-82,trog,the student opened the notebook and drew a tree
trog-item-83,trog,we will have a picnic in the park if it is sunny
trog-item-84,trog,he found his keys under the couch with the pillows
trog-item-85,trog,she is the gardener who wears the hat that has a flower
trog-item-86,trog,She tripped on a rock and dropped her books.
trog-item-87,trog,The teacher will give the students cake if they stand in a line.
trog-item-88,trog,We will dance together if there is music playing.
trog-item-89,trog,"Although it is hot outside, I am wearing a jacket with a hood."
trog-item-90,trog,"He likes swimming. However, he chose to play soccer with his friends."
trog-item-91,trog,"Despite the noise in the classroom, she focused on reading her notebook."
trog-item-92,trog,He wore the clown's hat despite its large size.
trog-item-93,trog,The duck following the turtle is walking across the bridge.
trog-item-94,trog,Bumping the table with my foot caused a book to fall.
trog-item-95,trog,The person chases the dog that is big.
trog-item-96,trog,The girl wearing a backpack was shown a flower by her friend.
trog-item-97,trog,"The kids cleaned the room, but forgot to put away the train."
trog-item-98,trog,The monkey neither ate the banana nor swung on the vine.
trog-item-99,trog,"Her mom said it would be sunny. However, it rained heavily."
trog-item-100,trog,The plane that is gray is above the clouds.
trog-item-101,trog,The fish swim beneath a whale and a sea turtle.
trog-item-102,trog,The car that the truck followed is driving toward the tunnel.
trog-item-103,trog,Instead of doing homework she did a puzzle in her room.
yes,theory-of-mind,yes
no,theory-of-mind,no
happy,theory-of-mind,happy
sad,theory-of-mind,sad
angry,theory-of-mind,angry
scared,theory-of-mind,scared
calm,theory-of-mind,calm
proud,theory-of-mind,proud
disgusted,theory-of-mind,disgusted
surprised,theory-of-mind,surprised
ToM-intro,theory-of-mind,"This is the Stories Game. In this game, you will listen to some stories. Then you will answer questions about the stories."
ToM-transition,theory-of-mind,Nice work! Here is a new story.
ToM-scene1-instruct1,theory-of-mind,"Here is Madison. This morning, Madison put her book behind the chair, because she didn’t want anyone to find it. "
ToM-scene1-instruct2,theory-of-mind,"But when Madison was outside playing, someone did find it! And hid it under the rug. "
ToM-scene1-instruct3,theory-of-mind,So now it’s reading time and Madison wants her book.
ToM-scene1-q1-false_belief,theory-of-mind,Where will Madison look first for her book?
chair,theory-of-mind,Behind the chair
rug,theory-of-mind,Under the rug
ToM-scene1-q2-reality_check,theory-of-mind,And where is her book really?
ToM-scene2-instruct1,theory-of-mind,"This morning when he came to school, Ethan put his book on the shelf above the coat hooks. Ethan’s book is blue! "
ToM-scene2-instruct2,theory-of-mind,"And then he went outside to play, see? Here’s Ethan playing outside. And while he was outside playing, Ethan’s book fell down from above the coat hooks onto the floor under the coats, see? "
ToM-scene2-instruct3,theory-of-mind,"Then Hannah comes in and Hannah puts her book up above the coat hooks. Hannah's book is also blue! Ethan is still outside playing, so he didn't see what Hannah was doing."
ToM-scene2-q1-false_belief,theory-of-mind,"Now, when Ethan comes in from outside, where will he look first for his book?"
shelf,theory-of-mind,On the shelf
coats,theory-of-mind,Under the coats
ToM-scene2-instruct4,theory-of-mind,"Let’s see what he does. Oh look, here is Ethan reaching for this book up on the shelf. And now Hannah sees Ethan reaching for that book... the book that is Hannah's!"
ToM-scene2-q2-emotion_reasoning,theory-of-mind,How do you think Hannah feels about Ethan reaching for that book? 
ToM-scene2-q7-emotion_reasoning,theory-of-mind,How do you think Hannah would feel if she had not seen Ethan reaching for the book?
ToM-scene2-q3-false_belief,theory-of-mind,Is Ethan being mean and naughty for taking Hannah's book?
ToM-scene2-q4-false_belief,theory-of-mind,Should Ethan get in trouble with the teacher for taking Hannah's book?
ToM-scene2-q5-reality_check,theory-of-mind,Can you help Hannah find her book? Is it on the shelf or under the coats?
ToM-scene2-q6-reality_check,theory-of-mind,Can you help Ethan find his book? Is it on the shelf or under the coats?
ToM-scene3-instruct1,theory-of-mind,"Joshua, Isabel, and Ivan are playing a game. Here's how the game goes: One kid hides, but draws a clue in the sandbox so the other kids can find them. "
ToM-scene3-instruct2,theory-of-mind,"So Ivan is going first. He draws this clue in the sandbox, and then he goes to hide. "
ToM-scene3-instruct3,theory-of-mind,"Now it's Joshua's turn to leave a clue, and hide. Isabel and Ivan will then try to use the clue to find him."
ToM-scene3-instruct4,theory-of-mind,"Joshua decides to hide behind the fountain. He draws a clue in the sand. He tries to draw the fountain, with the bottom part and the water coming out of it. But the drawing looks like a tree instead! Then Joshua goes and hides behind the fountain."
ToM-scene3-q1,theory-of-mind,What did Joshua mean to draw?
fountain,theory-of-mind,A fountain
tree,theory-of-mind,A tree
ToM-scene3-q2-false_belief,theory-of-mind,"When Isabel and Ivan see this clue, where will they look first for Joshua? "
ToM-scene3-q2-reality_check,theory-of-mind,Can you help them find where Joshua really is?
behind-fountain,theory-of-mind,Behind the fountain
behind-tree,theory-of-mind,Behind the tree
ToM-scene3-q3-emotion_reasoning,theory-of-mind,"Look, Isabel and Ivan found Joshua, and won the game! How do you think Isabel feels about winning the game?"
ToM-scene4-instruct1,theory-of-mind,"Now the games are over, and it's almost time to go home. Mother tells the kids to find all of their toys. "
ToM-scene4-instruct2,theory-of-mind,"Joshua brought his toy truck with him to the park, but now he can't find it. He's looking everywhere but he can't find it. "
ToM-scene4-q1-emotion_reasoning,theory-of-mind,How does Joshua feel about losing his truck?
ToM-scene4-q8-emotion_reasoning,theory-of-mind,How would Joshua feel if he found his truck?
ToM-scene4-instruct3,theory-of-mind,"Joshua can't find his truck because earlier in the day, when no one was looking, Isabel took the toy truck and buried it in the sandbox. "
ToM-scene4-instruct4,theory-of-mind,"So Joshua looks everywhere and he can't find his toy truck. Mother gets mad at Joshua, because he lost his truck."
ToM-scene4-q2,theory-of-mind,Is it fair that Mother is mad at Joshua for losing his truck?
ToM-scene4-q3,theory-of-mind,Is Mother mad at Isabel? 
ToM-scene4-q4-false_belief,theory-of-mind,Is Joshua mad at Isabel? 
ToM-scene4-instruct5,theory-of-mind,"When Isabel sees that Mother is mad at Joshua, she goes to the sandbox and digs up the toy truck, and gives it back to Joshua."
ToM-scene4-q5,theory-of-mind,Is Mother mad at Joshua now?
ToM-scene4-q6,theory-of-mind,Is Mother mad at Isabel now?
ToM-scene4-q7,theory-of-mind,Is Joshua mad at Isabel now?
ToM-scene4-instruct6,theory-of-mind,"Isabel tells Joshua that she’s very sorry, and she gives him a big hug. Joshua gives her a big hug back, and Mother joins in."
ToM-scene5-instruct1,theory-of-mind,"This is Katie. Earlier today, Katie's mom was cleaning the house, while Katie watched. Mom left three cups in the kitchen. There is a small cup on the counter, a medium sized cup on the table, and a big cup that she put away up high, on the shelf. "
ToM-scene5-instruct2,theory-of-mind,"Katie and Dad just walked in and Katie asks her dad to get her a cup. Katie tells her Dad, “I want the big cup!”"
ToM-scene5-q1,theory-of-mind,Which cup will Dad give Katie?
ToM-scene5-q2-reality_check,theory-of-mind,Which cup does Katie want?
small_cup,theory-of-mind,The small cup
medium_cup,theory-of-mind,The medium sized cup
large_cup,theory-of-mind,The big cup
ToM-scene5-q3-emotion_reasoning,theory-of-mind,How does Katie feel about not getting the cup she wanted?
ToM-scene5-q4-emotion_reasoning,theory-of-mind,How would Katie feel if she had received the cup she wanted?
ToM-scene6-instruct1,theory-of-mind,"Sam and Maria are playing together. They look outside and see a new shop across the street. Maria tells Sam: “I am going to buy new shirts for us there,” and she walks away."
ToM-scene6-instruct2,theory-of-mind,"Mom comes home and she tells Sam that she just walked by the shop. “Are they selling shirts?” Sam asks. “No,” Mom says, “They are only selling shoes”. “Maria will probably now get shoes at the shop,” Sam says."
ToM-scene6-q1,theory-of-mind,Does Maria know that they are selling shoes in the shop?
ToM-scene6-instruct3,theory-of-mind,"Maria has arrived at the shop. “I would like to buy shirts,” she says. “All we have left are socks,” says the shopkeeper. Since Maria also needs socks, she decides to get some socks."
ToM-scene6-q2,theory-of-mind,Does Sam know that Maria bought some socks?
ToM-scene6-q3,theory-of-mind,What does Sam think they are selling at the shop?
shoes,theory-of-mind,Shoes
socks,theory-of-mind,Socks
shirts,theory-of-mind,Shirts
ToM-scene6-instruct4,theory-of-mind,"On her way back, Maria meets her dad. She tells her dad: “I have just bought some socks. I am going to share them with my brother Sam. It is a surprise.”
“That is nice of you,” says Dad. Then he asks Maria: “Does Sam know what you bought him?”"
ToM-scene6-q4,theory-of-mind,What does Maria tell Dad?
ToM-scene6-instruct5,theory-of-mind,Then Dad asks: “What does Sam think they are selling at the shop?”
ToM-scene6-q5,theory-of-mind,What does Maria tell Dad?
ToM-scene6-q6,theory-of-mind,What does Sam think they are selling at the shop?
ToM-scene6-instruct6,theory-of-mind,Sam is very happy to get his new socks.
hostile-attribution-scene1-instruct1,hostile-attribution,Imagine that you are walking to school and you’re wearing your new shoes. You really like your new shoes and this is the first day you have worn them.
hostile-attribution-scene1-instruct2,hostile-attribution,"Suddenly, you are bumped from behind by a boy. You stumble and fall into a mud puddle and your new shoes get muddy."
hostile-attribution-scene1-q1,hostile-attribution,Do you think that the boy bumped you on purpose or by accident?
hostile-attribution-scene1-q2,hostile-attribution,Now pick one of the three choices as the one you would do:
hostile-attribution-scene1-q2-ans1,hostile-attribution,clean up my shoes
hostile-attribution-scene1-q2-ans2,hostile-attribution,walk away from the boy
hostile-attribution-scene1-q2-ans3,hostile-attribution,push the boy in the mud
hostile-attribution-scene2-instruct1,hostile-attribution,"Imagine that you are on the playground. You and some other kids are having a race. A boy is standing on the side, bouncing a basketball."
hostile-attribution-scene2-instruct2,hostile-attribution,"The next thing you know, the boy has bounced the ball and it has rolled under your feet, making you fall. You skin your knee and someone else wins the race."
hostile-attribution-scene2-q1,hostile-attribution,Do you think that the boy made you fall on purpose or by accident?
hostile-attribution-scene2-q2,hostile-attribution,Now pick one of the three choices as the one you would do:
hostile-attribution-scene2-q2-ans1,hostile-attribution,go to another area of the playground
hostile-attribution-scene2-q2-ans2,hostile-attribution,say something mean to him
hostile-attribution-scene2-q2-ans3,hostile-attribution,take care of my knee
hostile-attribution-scene3-instruct1,hostile-attribution,Imagine that you are working on an assignment at your desk. 
hostile-attribution-scene3-instruct2,hostile-attribution,"You go to sharpen your pencil, and as you walk back to your desk there is a boy walking just in front of you. The boy passes your desk before you get there. "
hostile-attribution-scene3-instruct3,hostile-attribution,"The next thing you know, the boy has knocked all of your papers off of your desk, and they are all over the floor."
hostile-attribution-scene3-q1,hostile-attribution,Do you think the boy knocked your papers onto the floor on purpose or by accident?
hostile-attribution-scene3-q2,hostile-attribution,Now pick one of the three choices as the one you would do:
hostile-attribution-scene3-q2-ans1,hostile-attribution,call him a name
hostile-attribution-scene3-q2-ans2,hostile-attribution,pick up the papers
hostile-attribution-scene3-q2-ans3,hostile-attribution,do nothing
hostile-attribution-scene1-by-accident,theory-of-mind,by accident
hostile-attribution-scene1-on-purpose,theory-of-mind,on purpose
hostile-attribution-scene2-by-accident,theory-of-mind,by accident
hostile-attribution-scene2-on-purpose,theory-of-mind,on purpose
hostile-attribution-scene3-by-accident,theory-of-mind,by accident
hostile-attribution-scene3-on-purpose,theory-of-mind,on purpose
am,same-different-selection,"This is the matching game. In this game, you're going to choose sets of cards that match in some way. First, let's look at some of the cards you are going to see."
same-different-selection-touch-circle,same-different-selection,Choose the card with a circle.
same-different-selection-touch-square,same-different-selection,Choose the card with a square.
same-different-selection-touch-triangle,same-different-selection,Choose the card with a triangle.
same-different-selection-touch-star,same-different-selection,Choose the card with a star.
same-different-selection-touch-green,same-different-selection,Choose the card with a green shape.
same-different-selection-touch-red,same-different-selection,Choose the card with a red shape.
same-different-selection-touch-blue,same-different-selection,Choose the card with a blue shape.
same-different-selection-touch-yellow,same-different-selection,Choose the card with a yellow shape.
same-different-selection-touch-small,same-different-selection,Choose the card with a small shape.
same-different-selection-touch-medium,same-different-selection,Choose the card with a medium-sized shape.
same-different-selection-touch-large,same-different-selection,Choose the card with a large shape.
same-different-selection-touch-white,same-different-selection,Choose the star on the white card.
same-different-selection-touch-gray,same-different-selection,Choose the star on the gray card.
same-different-selection-touch-black,same-different-selection,Choose the star on the black card.
same-different-selection-touch-striped,same-different-selection,Choose the star on the striped card.
same-different-selection-touch-1,same-different-selection,Choose the card with 1 star.
same-different-selection-touch-2,same-different-selection,Choose the card with 2 stars.
same-different-selection-touch-3,same-different-selection,Choose the card with 3 stars.
same-different-selection-touch-4,same-different-selection,Choose the card with 4 stars.
same-different-selection-instruct2,same-different-selection,Now you're going to see two cards that are the same in one way. Then you will see a new card that is similar to one of those cards. Your job is to choose the card that is similar to the new card.
same-different-selection-instruct3,same-different-selection,"Now you're going to see three cards, and you're going to choose two that are the same in some way. Then you're going to see the same cards again, and pick two cards that are the same in a different way."
same-different-selection-both-circles,same-different-selection,Here are two cards. Something's the same. They both have circles.
same-different-selection-both-squares,same-different-selection,Here are two cards. Something's the same. They both have squares.
same-different-selection-both-triangles,same-different-selection,Here are two cards. Something's the same. They both have triangles.
same-different-selection-both-red,same-different-selection,Here are two cards. Something's the same. They both have red shapes.
same-different-selection-both-green,same-different-selection,Here are two cards. Something's the same. They both have green shapes.
same-different-selection-both-yellow,same-different-selection,Here are two cards. Something's the same. They both have yellow shapes.
same-different-selection-both-blue,same-different-selection,Here are two cards. Something's the same. They both have blue shapes.
same-different-selection-both-small,same-different-selection,Here are two cards. Something's the same. They both have small shapes.
same-different-selection-both-medium,same-different-selection,Here are two cards. Something's the same. They both have medium-sized shapes.
same-different-selection-both-large,same-different-selection,Here are two cards. Something's the same. They both have large shapes.
sds-prompt3,same-different-selection,Here is another card. Which of these is similar to this one?
sds-3match-prompt2,same-different-selection,Here is the same set of cards again. Choose two cards that are the same in a different way.
sds-2match-prompt1,same-different-selection,Here is a new set of cards. Choose two cards that are the same in some way.
sds-2match-prompt2,same-different-selection,Choose two cards that are the same in a different way.
sds-3unique-prompt1,same-different-selection,Choose three cards that are the same in only one way.
sds-3unique-prompt2,same-different-selection,Choose another three cards that are the same in only one way.
memory-game-display,memory-game,Watch the squares light up.
memory-game-input,memory-game,Touch the squares in the same order.
memory-game-instruct1,memory-game,This is the memory game. Here's how you play it.
memory-game-instruct2,memory-game,You will see squares light up.
memory-game-instruct3,memory-game,You're going to touch the squares in the same order.
memory-game-instruct4,memory-game,Watch carefully! Try to remember the order.
memory-game-forward-prompt,memory-game,Choose the squares in the same order.
memory-game-forward-try-again,memory-game,That's not right. Try again. Choose the squares in the same order.
memory-game-instruct5,memory-game,This time the game won't tell you if you're right or wrong. Let’s start playing the memory game!
memory-game-instruct7,memory-game,Let’s start playing the memory game!
memory-game-backward-prompt,memory-game,Choose the squares in the backward order.
memory-game-backward-try-again,memory-game,That's not right. Try again. Choose the squares in the backward order.
heart-instruct1,hearts-and-flowers,This is the heart game. Here's how you play it.
heart-instruct2,hearts-and-flowers,"When you see a heart, press the button on the same side."
hearts-and-flowers-try-again,hearts-and-flowers,That's not right. Try again.
heart-practice-feedback1,hearts-and-flowers,The heart is on the right side. Press the right button.
hearts-and-flowers-practice-time,hearts-and-flowers,Time to practice!
heart-practice-feedback2,hearts-and-flowers,"Remember! When you see a HEART, press the button on the SAME side."
hearts-and-flowers-instruct1,hearts-and-flowers,This time the game will go faster. It won't tell you if you are right or wrong. Try to keep up!
hearts-and-flowers-instruct2,hearts-and-flowers,"Try to answer as fast as you can without making mistakes. If you make a mistake, just keep going!"
hearts-and-flowers-play-time,hearts-and-flowers,Time to play!
flower-instruct1,hearts-and-flowers,This is the flower game. Here's how you play it.
flower-instruct2,hearts-and-flowers,"When you see a flower, press the button on the opposite side."
flower-practice-feedback1,hearts-and-flowers,The flower is on the left side. Press the right button.
flower-practice-feedback2,hearts-and-flowers,"When you see a FLOWER, press the button on the OPPOSITE side."
hearts-and-flowers-instruct3,hearts-and-flowers,"Now, we're going to play a game with hearts and flowers."
hearts-and-flowers-encourage1,hearts-and-flowers,Try to keep up!
hearts-and-flowers-encourage2,hearts-and-flowers,"If you make a mistake, just keep going!"
hearts-and-flowers-end,hearts-and-flowers,Great job! You completed the game!
vocab-item-001,vocab,the acorn
vocab-item-002,vocab,the aloe
vocab-item-003,vocab,the antenna
vocab-item-004,vocab,the artichoke
vocab-item-005,vocab,the bamboo
vocab-item-006,vocab,the barrel
vocab-item-007,vocab,the blender
vocab-item-008,vocab,the blower
vocab-item-009,vocab,the bouquet
vocab-item-010,vocab,the buffet
vocab-item-011,vocab,the bulldozer
vocab-item-012,vocab,the cake
vocab-item-013,vocab,the caramel
vocab-item-014,vocab,the carousel
vocab-item-015,vocab,the carrot
vocab-item-016,vocab,the cassette
vocab-item-017,vocab,the cheese
vocab-item-018,vocab,the cloak
vocab-item-019,vocab,the clothespin
vocab-item-020,vocab,the coaster
vocab-item-021,vocab,the cork
vocab-item-022,vocab,the cornbread
vocab-item-023,vocab,the corset
vocab-item-024,vocab,the dumpling
vocab-item-025,vocab,the elbow
vocab-item-026,vocab,the fan
vocab-item-027,vocab,the foam
vocab-item-028,vocab,the footbath
vocab-item-029,vocab,the fruitcake
vocab-item-030,vocab,the gutter
vocab-item-031,vocab,the hamster
vocab-item-032,vocab,the hedgehog
vocab-item-033,vocab,the hoe
vocab-item-034,vocab,the hopscotch
vocab-item-035,vocab,the kimono
vocab-item-036,vocab,the latch
vocab-item-037,vocab,the locker
vocab-item-038,vocab,the lollipop
vocab-item-039,vocab,the map
vocab-item-040,vocab,the marshmallow
vocab-item-041,vocab,the net
vocab-item-042,vocab,the oil
vocab-item-043,vocab,the omelet
vocab-item-044,vocab,the pie
vocab-item-045,vocab,the pistachio
vocab-item-046,vocab,the pitcher
vocab-item-047,vocab,the potato
vocab-item-048,vocab,the prism
vocab-item-049,vocab,the puddle
vocab-item-050,vocab,the pump
vocab-item-051,vocab,the rice
vocab-item-052,vocab,the saddle
vocab-item-053,vocab,the sandbag
vocab-item-054,vocab,the scaffolding
vocab-item-055,vocab,the scoop
vocab-item-056,vocab,the seagull
vocab-item-057,vocab,the ship
vocab-item-058,vocab,the shower
vocab-item-059,vocab,the silverware
vocab-item-060,vocab,the sink
vocab-item-061,vocab,the ski
vocab-item-062,vocab,the sloth
vocab-item-063,vocab,the snail
vocab-item-064,vocab,the sorbet
vocab-item-065,vocab,the spatula
vocab-item-066,vocab,the sprinkler
vocab-item-067,vocab,the squash
vocab-item-068,vocab,the squirrel
vocab-item-069,vocab,the stew
vocab-item-070,vocab,the rubber band
vocab-item-071,vocab,the stump
vocab-item-072,vocab,the sunflower
vocab-item-073,vocab,the swordfish
vocab-item-074,vocab,the tapestry
vocab-item-075,vocab,the teabag
vocab-item-076,vocab,the telescope
vocab-item-077,vocab,the thermos
vocab-item-078,vocab,the treasure
vocab-item-079,vocab,the trumpet
vocab-item-080,vocab,the tulip
vocab-item-081,vocab,the turbine
vocab-item-082,vocab,the turkey
vocab-item-083,vocab,the turtle
vocab-item-084,vocab,the typewriter
vocab-item-085,vocab,the watermelon
vocab-item-086,vocab,the waterwheel
vocab-item-087,vocab,the ant
vocab-item-088,vocab,the ball
vocab-item-089,vocab,the bear
vocab-item-090,vocab,the duck
vocab-item-091,vocab,the fork
vocab-item-092,vocab,the kitten
vocab-item-093,vocab,the knee
vocab-item-094,vocab,the milkshake
vocab-item-095,vocab,the skin
vocab-item-096,vocab,the wall
vocab-item-097,vocab,the wheel
vocab-item-098,vocab,the farm
vocab-item-099,vocab,juggling
vocab-item-100,vocab,the dressing
vocab-item-101,vocab,the roof
vocab-item-102,vocab,peeking
vocab-item-103,vocab,the ruler
vocab-item-104,vocab,the tunnel
vocab-item-105,vocab,the envelope
vocab-item-106,vocab,the diamond
vocab-item-107,vocab,the calendar
vocab-item-108,vocab,the panda
vocab-item-109,vocab,the arrow
vocab-item-110,vocab,picking
vocab-item-111,vocab,dripping
vocab-item-112,vocab,the knight
vocab-item-113,vocab,delivering
vocab-item-114,vocab,the dentist
vocab-item-115,vocab,the claw
vocab-item-116,vocab,the uniform
vocab-item-117,vocab,furry
vocab-item-118,vocab,the cormorant
vocab-item-119,vocab,fetch
vocab-item-120,vocab,the arcade
vocab-item-121,vocab,the artifact
vocab-item-122,vocab,aversion
vocab-item-123,vocab,the beret
vocab-item-124,vocab,applaud
vocab-item-125,vocab,timid
vocab-item-126,vocab,the camp
vocab-item-127,vocab,tumble
vocab-item-128,vocab,concentric
vocab-item-129,vocab,the confectionery
vocab-item-130,vocab,the couturier
vocab-item-131,vocab,degression
vocab-item-132,vocab,the divan
vocab-item-133,vocab,the wetland
vocab-item-134,vocab,the baywindow
vocab-item-135,vocab,the aesthete
vocab-item-136,vocab,ecstatic
vocab-item-137,vocab,rickety
vocab-item-138,vocab,gourmet
vocab-item-139,vocab,gesticulate
vocab-item-140,vocab,the facade
vocab-item-141,vocab,the slope
vocab-item-142,vocab,the habit
vocab-item-143,vocab,the intersection
vocab-item-144,vocab,the irrigation
vocab-item-145,vocab,the kazoo
vocab-item-146,vocab,chat
vocab-item-147,vocab,the colony
vocab-item-148,vocab,preserve
vocab-item-149,vocab,the awning
vocab-item-150,vocab,mammalogy
vocab-item-151,vocab,the metronome
vocab-item-152,vocab,the paleontologist
vocab-item-153,vocab,the percussion
vocab-item-154,vocab,the posterior
vocab-item-155,vocab,precarious
vocab-item-156,vocab,the arbor
vocab-item-157,vocab,resuscitation
vocab-item-158,vocab,the rosette
vocab-item-159,vocab,the saffron
vocab-item-160,vocab,mischievous
vocab-item-161,vocab,the skimmer
vocab-item-162,vocab,sedentary
vocab-item-163,vocab,the suede
vocab-item-164,vocab,the turnstile
vocab-item-165,vocab,the triad
vocab-item-166,vocab,dredging
vocab-item-167,vocab,urban
vocab-item-168,vocab,the steam
vocab-item-169,vocab,the vertebra
vocab-item-170,vocab,the bandage
vocab-instruct-1,vocab,"In this game, you are going to listen to words and look at different pictures. Your job is to pick the picture that matches the word!"
vocab-practice-1,vocab,"You are going to see some different pictures. For example, a picture of an apple and a picture of a carrot. Then, you'll hear a word for one of the pictures. Make sure to pick the picture that matches the word!"
vocab-instruct-2,vocab,"Some words are hard, and that's okay. If you're not sure, just give your best guess!"
vocab-instruct-3,vocab,"If you need to hear the word again, press the speaker button."
shared-intro-devices,trog,"You can tap on a touchscreen, use the touchpad, or press the arrow keys for this activity. Try it now."
shared-choose-picture-press-arrow,trog,"To use an arrow key to choose a picture, press the key that points the same direction as the arrow below the picture."
shared-intro-replay,trog,You can press the replay button to hear things again. Try it now.
trog-instr1-matching,trog,"This is a matching activity. Listen to what I say, then look at the pictures carefully. Choose the picture that goes with the words you hear."
ChildSurveyIntro,survey,"These questions ask you about how you feel at school and some of the things you do at school. There are no right or wrong answers. Choose the answer that best describes what you think. No, never; Yes, some of the time; Yes, most of the time; Yes, all of the time. The first two are for practice."
Example1Comic,survey,Do you like to read comic books?
Example2Neat,survey,Are you neat and tidy at school?
TeacherNice,survey,Is your teacher nice to you?
TeacherLike,survey,Does your teacher like you?
TeacherListen,survey,Does your teacher listen to you?
SchoolFun,survey,Is school fun?
SchoolEnjoy,survey,Do you enjoy school?
SchoolHappy,survey,Are you happy at school?
SchoolSafe,survey,Do you feel safe at school?
ClassFriends,survey,Do you have friends in your class?
ClassHelp,survey,Do the kids in your class help you when you need it?
ClassPlay,survey,Do the kids in your class play with you?
ClassNice,survey,Are the kids in your class nice to you?
LonelySchool,survey,Do you feel lonely at school?
LearningGood,survey,Are you good at learning things in school?
SchoolGiveUp,survey,"When schoolwork is hard, do you give up right away?"
ReadingEnjoy,survey,Do you enjoy doing reading activities at school?
MathEnjoy,survey,Do you enjoy doing math activities at school?
ReadingGood,survey,Are you good at reading?
MathGood,survey,Are you good at math?
GrowthMindSmart,survey,Some kids think they can get smarter if they work really hard. Do you think that you can get smarter if you work really hard?
GrowthMindRead,survey,Some kids think they can get better at reading if they work really hard. Do you think that you can get better at reading if you work really hard?
GrowthMindMath,survey,Some kids think they can get better at math if they work really hard. Do you think that you can get better at math if you work really hard?
ChildSurveyRespoonses,survey,"No, never; Yes, some of the time; Yes, most of the time; Yes, all of the time"
ToM-scene7-instruct1,,"Here is Diana. This morning at school, Diana put her toy in this drawer, because she didn’t want anyone to find it."
ToM-scene7-instruct2,,"But while Diana was outside, someone did find it! And moved it from inside the drawer, to inside the desk."
ToM-scene7-instruct3,,So now it’s playtime and Diana wants her toy.
ToM-scene7-q1-false_belief,,Where will Diana look for her toy?
ToM-scene7-q2-reality_check,,And where is her toy really?
ToM-scene8-instruct1,,"This morning when she came to school, Allie put her yellow pencil on this shelf, above the backpack shelf."
ToM-scene8-instruct2,,"And then she went outside to play - see? Here’s Allie playing outside. And while she was outside playing, Allie’s yellow pencil fell down from on top of the backpack shelf to behind the backpack shelf, see?"
ToM-scene8-instruct3,,"Then Mike comes in, and Mike puts his pencil above the backpack shelf. Mike’s pencil is also yellow! But Allie is still outside playing, so she didn’t see what Mike was doing."
ToM-scene8-q1-false_belief,,"Now, when Allie comes in from outside, where will she look first for her pencil?"
top,,On top of the backpack shelf
behind,,Behind the backpack shelf
ToM-scene-8-instruct4,,"Let’s see what she does. Oh look, here is Allie reaching for this pencil up on top of the shelf. And now Mike sees Allie reaching for that pencil... the pencil that is Mike's!"
ToM-scene-8-q2-emotion_reasoning,,How do you think Mike feels about Allie reaching for that pencil?
ToM-scene-8-q3-emotion_reasoning,,How do you think Mike would feel if he had not seen Allie reaching for the pencil?
ToM-scene-8-q4-false_belief,,Is Allie being mean and naughty for taking Mike’s pencil?
ToM-scene-8-q5-false_belief,,Should Allie get in trouble with the teacher for taking Mike’s pencil?
ToM-scene-8-q6-reality_check,,Can you help Mike find his pencil? Is it on top of the shelf or behind the shelf?
ToM-scene-8-q7-reality_check,,Can you help Allie find her pencil? Is it on top of the shelf or behind the shelf?
ToM-scene-9-instruct1,,"This is Mark. Mark is playing a really silly game today and not saying any words all day long. Instead, Mark’s drawing pictures. Mark is at the library, deciding which book he would like to read. Mom shows Mark two books - a book about cups and a book about hills."
ToM-scene-9-instruct2,,"Mark draws a picture of a hill, to tell Mom that he wants to read the book about hills. But when Mark gives Mom the picture, she holds it upside-down, so that it looks like a cup!"
ToM-scene-9-q1-reality_check,,What did Mark mean to draw?
hill,,A hill
cup,,A cup
ToM-scene-9-q2-false_belief,,"When Mom sees the picture, what book will she give Mark? "
ToM-scene-9-q3-reality_check,,What book does Mark really want? 
hillsbook,,The book about hills
cupbook,,The book about cups
ToM-scene-9-q4-emotion_reasoning,,"Look, Mom realized her mistake and gave Mark the book he really wanted! How do you think Mark feels about getting the book he wanted?"
ToM-scene-10-instruct1,,Teacher Sarah tells all of the kids to take one storybook from the bag that she brought - there is one storybook for every kid.
ToM-scene-10-instruct2,,"Now there are two storybooks left, and Brian and Megan are the last two kids without storybooks. But when Brian goes to get his storybook, he decides to take both storybooks, even though he knows that Megan doesn’t have a storybook yet, and that everyone is only supposed to have one. Brian hides the extra storybook in his desk."
ToM-scene-10-q1-emotion_reasoning,,How does Megan feel about being the only child without a storybook?
ToM-scene-10-q2-emotion_reasoning,,How would Megan feel if she received a book?
ToM-scene-10-instruct3,,"Teacher Sarah asks Brian, “Is there a storybook leftover, so Megan can have one?” and Brian tells Teacher Sarah “No, there is no storybook left - they are all being used right now.”"
ToM-scene-10-q3-reality_check,,Is Brian lying?
ToM-scene-10-q4-reality_check,,"Is there still a storybook left, that isn’t being used right now?"
ToM-scene-10-instruct4,,"Megan is sad that she doesn’t have a storybook, and asks Teacher Sarah - is there an extra storybook for me? And Teacher Sarah says, “I’m so sorry Megan, but there are no storybooks left, they are all being used right now.”"
ToM-scene-10-q5-false_belief,,Is Teacher Sarah lying?
ToM-scene-10-q6-reality_check,,"Is there still a storybook left, that isn’t being used right now?"
ToM-scene-11-instruct1,,"This is Josh. And earlier today, Josh was tidying his room. Josh put his big basketball on his desk, his medium-sized soccer ball on his table, and his small baseball down on the bottom shelf."
ToM-scene-11-instruct2,,"Josh’s mom just walked in and Josh asks his mom to get one of the toys. And Josh tells his mom, “I want the small ball!”"
ToM-scene-11-q1-reference,,Which ball will mom get for Josh?
ToM-scene-11-q2-reality_check,,Which ball does Josh want?
baseball,,The baseball
soccerball,,The soccer ball
basketball,,The basketball
ToM-scene-11-q3-emotion_reasoning,,Josh wanted the baseball but mom gave him the soccer ball! How do you think Josh feels about receiving the wrong toy?
ToM-scene-11-q4-emotion_reasoning,,How do you think Josh would feel if he had received the correct toy?
ToM-scene-12-instruct1,,"This morning, Dad asked Emma what toy she would like to take to school, and Emma told him that she would like to play with her green ball at recess."
ToM-scene-12-instruct2,,"Then Emma went to her room to get ready for school. While she was getting ready, she changed her mind, so she yelled to her dad, “Actually, may I please have my red ball instead?” and kept getting ready for school. But Dad did not hear Emma ask for her red ball."
ToM-scene-12-q1-false_belief,,Which toy does Dad think Emma wants to bring to school?
ToM-scene-12-instruct3,,"Dad didn’t hear Emma say she wants her red ball. So dad thinks Emma wants her green ball. Dad goes to pack Emma’s bag, but can’t find her green ball in the toy box! But dad finds a purple ball in the toy box, so he packs the purple ball for Emma instead."
ToM-scene-12-q2-false_belief,,Does Emma know that Dad packed the purple ball?
ToM-scene-12-q3-false_belief,,Which ball does Emma think Dad packed?
greenball,,The green ball
redball,,The red ball
purpleball,,The purple ball
ToM-scene-12-instruct4,,"On the way to school, Dad tells Emma, “I’m so sorry - I couldn’t pack the toy that you wanted because I couldn’t find it”."
ToM-scene-12-q4-reality_check,,What toy does Emma want?
ToM-scene-12-q5-reality_check,,What toy did Dad pack for Emma?
ToM-scene-12-instruct5,,Emma is very happy to play with her ball.
