filename,filepath,extraction_method,extraction_error,title,artist,album,genre,voice,service,lang_code,text,created,copyright,comment,date,year,track,disc,composer,publisher,encoder,bitrate,duration,size,format_name,format_long_name,sample_rate,channels,codec
vocab-item-001.mp3,audio_files/es-CO/vocab-item-001.mp3,ffprobe,,vocab-item-001,Levante Framework - ElevenLabs,"vocab, Vocabulary",Speech Synthesis,Valeria - Energetic & Engaging,ElevenLabs,es-CO,la bellota,2025-09-03 08:58:00.366542,This file was created for the LEVANTE project and is released under a Creative Commons BY-NC-SA 4.0 license,Levante Project - ElevenLabs - Valeria - Energetic & Engaging - es-CO,2025,2025,,,,,Lavf60.16.100,44141,1.045000,5766,mp3,MP2/3 (MPEG audio layer 2/3),22050,1,mp3
vocab-item-002.mp3,audio_files/es-CO/vocab-item-002.mp3,ffprobe,,vocab-item-002,Levante Framework - ElevenLabs,"vocab, Vocabulary",Speech Synthesis,Valeria - Energetic & Engaging,ElevenLabs,es-CO,la sábila,2025-09-03 08:58:01.398184,This file was created for the LEVANTE project and is released under a Creative Commons BY-NC-SA 4.0 license,Levante Project - ElevenLabs - Valeria - Energetic & Engaging - es-CO,2025,2025,,,,,Lavf60.16.100,44780,0.992750,5557,mp3,MP2/3 (MPEG audio layer 2/3),22050,1,mp3
vocab-item-003.mp3,audio_files/es-CO/vocab-item-003.mp3,ffprobe,,vocab-item-003,Levante Framework - ElevenLabs,"vocab, Vocabulary",Speech Synthesis,Valeria - Energetic & Engaging,ElevenLabs,es-CO,la antena,2025-09-03 08:58:02.384084,This file was created for the LEVANTE project and is released under a Creative Commons BY-NC-SA 4.0 license,Levante Project - ElevenLabs - Valeria - Energetic & Engaging - es-CO,2025,2025,,,,,Lavf60.16.100,46266,0.888250,5137,mp3,MP2/3 (MPEG audio layer 2/3),22050,1,mp3
vocab-item-004.mp3,audio_files/es-CO/vocab-item-004.mp3,ffprobe,,vocab-item-004,Levante Framework - ElevenLabs,"vocab, Vocabulary",Speech Synthesis,Valeria - Energetic & Engaging,ElevenLabs,es-CO,la alcachofa,2025-09-03 08:58:03.391169,This file was created for the LEVANTE project and is released under a Creative Commons BY-NC-SA 4.0 license,Levante Project - ElevenLabs - Valeria - Energetic & Engaging - es-CO,2025,2025,,,,,Lavf60.16.100,44796,0.992750,5559,mp3,MP2/3 (MPEG audio layer 2/3),22050,1,mp3
vocab-item-005.mp3,audio_files/es-CO/vocab-item-005.mp3,ffprobe,,vocab-item-005,Levante Framework - ElevenLabs,"vocab, Vocabulary",Speech Synthesis,Valeria - Energetic & Engaging,ElevenLabs,es-CO,el bambú,2025-09-03 08:58:04.404832,This file was created for the LEVANTE project and is released under a Creative Commons BY-NC-SA 4.0 license,Levante Project - ElevenLabs - Valeria - Energetic & Engaging - es-CO,2025,2025,,,,,Lavf60.16.100,48728,0.757500,4614,mp3,MP2/3 (MPEG audio layer 2/3),22050,1,mp3
vocab-item-006.mp3,audio_files/es-CO/vocab-item-006.mp3,ffprobe,,vocab-item-006,Levante Framework - ElevenLabs,"vocab, Vocabulary",Speech Synthesis,Valeria - Energetic & Engaging,ElevenLabs,es-CO,el barril,2025-09-03 08:58:05.439165,This file was created for the LEVANTE project and is released under a Creative Commons BY-NC-SA 4.0 license,Levante Project - ElevenLabs - Valeria - Energetic & Engaging - es-CO,2025,2025,,,,,Lavf60.16.100,45473,0.940500,5346,mp3,MP2/3 (MPEG audio layer 2/3),22050,1,mp3
vocab-item-007.mp3,audio_files/es-CO/vocab-item-007.mp3,ffprobe,,vocab-item-007,Levante Framework - ElevenLabs,"vocab, Vocabulary",Speech Synthesis,Valeria - Energetic & Engaging,ElevenLabs,es-CO,la licuadora,2025-09-03 08:58:06.456790,This file was created for the LEVANTE project and is released under a Creative Commons BY-NC-SA 4.0 license,Levante Project - ElevenLabs - Valeria - Energetic & Engaging - es-CO,2025,2025,,,,,Lavf60.16.100,44156,1.045000,5768,mp3,MP2/3 (MPEG audio layer 2/3),22050,1,mp3
vocab-item-008.mp3,audio_files/es-CO/vocab-item-008.mp3,ffprobe,,vocab-item-008,Levante Framework - ElevenLabs,"vocab, Vocabulary",Speech Synthesis,Valeria - Energetic & Engaging,ElevenLabs,es-CO,el soplador,2025-09-03 08:58:07.474065,This file was created for the LEVANTE project and is released under a Creative Commons BY-NC-SA 4.0 license,Levante Project - ElevenLabs - Valeria - Energetic & Engaging - es-CO,2025,2025,,,,,Lavf60.16.100,44149,1.045000,5767,mp3,MP2/3 (MPEG audio layer 2/3),22050,1,mp3
vocab-item-009.mp3,audio_files/es-CO/vocab-item-009.mp3,ffprobe,,vocab-item-009,Levante Framework - ElevenLabs,"vocab, Vocabulary",Speech Synthesis,Valeria - Energetic & Engaging,ElevenLabs,es-CO,el ramo,2025-09-03 08:58:08.543917,This file was created for the LEVANTE project and is released under a Creative Commons BY-NC-SA 4.0 license,Levante Project - ElevenLabs - Valeria - Energetic & Engaging - es-CO,2025,2025,,,,,Lavf60.16.100,47629,0.809750,4821,mp3,MP2/3 (MPEG audio layer 2/3),22050,1,mp3
vocab-item-010.mp3,audio_files/es-CO/vocab-item-010.mp3,ffprobe,,vocab-item-010,Levante Framework - ElevenLabs,"vocab, Vocabulary",Speech Synthesis,Valeria - Energetic & Engaging,ElevenLabs,es-CO,el bufé,2025-09-03 08:58:09.627895,This file was created for the LEVANTE project and is released under a Creative Commons BY-NC-SA 4.0 license,Levante Project - ElevenLabs - Valeria - Energetic & Engaging - es-CO,2025,2025,,,,,Lavf60.16.100,49945,0.705250,4403,mp3,MP2/3 (MPEG audio layer 2/3),22050,1,mp3
vocab-item-011.mp3,audio_files/es-CO/vocab-item-011.mp3,ffprobe,,vocab-item-011,Levante Framework - ElevenLabs,"vocab, Vocabulary",Speech Synthesis,Valeria - Energetic & Engaging,ElevenLabs,es-CO,la excavadora,2025-09-03 08:58:10.757865,This file was created for the LEVANTE project and is released under a Creative Commons BY-NC-SA 4.0 license,Levante Project - ElevenLabs - Valeria - Energetic & Engaging - es-CO,2025,2025,,,,,Lavf60.16.100,43317,1.123250,6082,mp3,MP2/3 (MPEG audio layer 2/3),22050,1,mp3
vocab-item-012.mp3,audio_files/es-CO/vocab-item-012.mp3,ffprobe,,vocab-item-012,Levante Framework - ElevenLabs,"vocab, Vocabulary",Speech Synthesis,Valeria - Energetic & Engaging,ElevenLabs,es-CO,el pastel,2025-09-03 08:58:11.819825,This file was created for the LEVANTE project and is released under a Creative Commons BY-NC-SA 4.0 license,Levante Project - ElevenLabs - Valeria - Energetic & Engaging - es-CO,2025,2025,,,,,Lavf60.16.100,44772,0.992750,5556,mp3,MP2/3 (MPEG audio layer 2/3),22050,1,mp3
vocab-item-013.mp3,audio_files/es-CO/vocab-item-013.mp3,ffprobe,,vocab-item-013,Levante Framework - ElevenLabs,"vocab, Vocabulary",Speech Synthesis,Valeria - Energetic & Engaging,ElevenLabs,es-CO,el caramelo,2025-09-03 08:58:12.816669,This file was created for the LEVANTE project and is released under a Creative Commons BY-NC-SA 4.0 license,Levante Project - ElevenLabs - Valeria - Energetic & Engaging - es-CO,2025,2025,,,,,Lavf60.16.100,44149,1.045000,5767,mp3,MP2/3 (MPEG audio layer 2/3),22050,1,mp3
vocab-item-014.mp3,audio_files/es-CO/vocab-item-014.mp3,ffprobe,,vocab-item-014,Levante Framework - ElevenLabs,"vocab, Vocabulary",Speech Synthesis,Valeria - Energetic & Engaging,ElevenLabs,es-CO,el carrusel,2025-09-03 08:58:14.278522,This file was created for the LEVANTE project and is released under a Creative Commons BY-NC-SA 4.0 license,Levante Project - ElevenLabs - Valeria - Energetic & Engaging - es-CO,2025,2025,,,,,Lavf60.16.100,44149,1.045000,5767,mp3,MP2/3 (MPEG audio layer 2/3),22050,1,mp3
vocab-item-015.mp3,audio_files/es-CO/vocab-item-015.mp3,ffprobe,,vocab-item-015,Levante Framework - ElevenLabs,"vocab, Vocabulary",Speech Synthesis,Valeria - Energetic & Engaging,ElevenLabs,es-CO,la zanahoria,2025-09-03 08:58:15.290930,This file was created for the LEVANTE project and is released under a Creative Commons BY-NC-SA 4.0 license,Levante Project - ElevenLabs - Valeria - Energetic & Engaging - es-CO,2025,2025,,,,,Lavf60.16.100,43578,1.097250,5977,mp3,MP2/3 (MPEG audio layer 2/3),22050,1,mp3
vocab-item-016.mp3,audio_files/es-CO/vocab-item-016.mp3,ffprobe,,vocab-item-016,Levante Framework - ElevenLabs,"vocab, Vocabulary",Speech Synthesis,Valeria - Energetic & Engaging,ElevenLabs,es-CO,el casete,2025-09-03 08:58:16.285378,This file was created for the LEVANTE project and is released under a Creative Commons BY-NC-SA 4.0 license,Levante Project - ElevenLabs - Valeria - Energetic & Engaging - es-CO,2025,2025,,,,,Lavf60.16.100,45473,0.940500,5346,mp3,MP2/3 (MPEG audio layer 2/3),22050,1,mp3
vocab-item-017.mp3,audio_files/es-CO/vocab-item-017.mp3,ffprobe,,vocab-item-017,Levante Framework - ElevenLabs,"vocab, Vocabulary",Speech Synthesis,Valeria - Energetic & Engaging,ElevenLabs,es-CO,el queso,2025-09-03 08:58:17.298148,This file was created for the LEVANTE project and is released under a Creative Commons BY-NC-SA 4.0 license,Levante Project - ElevenLabs - Valeria - Energetic & Engaging - es-CO,2025,2025,,,,,Lavf60.16.100,47639,0.809750,4822,mp3,MP2/3 (MPEG audio layer 2/3),22050,1,mp3
vocab-item-018.mp3,audio_files/es-CO/vocab-item-018.mp3,ffprobe,,vocab-item-018,Levante Framework - ElevenLabs,"vocab, Vocabulary",Speech Synthesis,Valeria - Energetic & Engaging,ElevenLabs,es-CO,la capucha,2025-09-03 08:58:18.333425,This file was created for the LEVANTE project and is released under a Creative Commons BY-NC-SA 4.0 license,Levante Project - ElevenLabs - Valeria - Energetic & Engaging - es-CO,2025,2025,,,,,Lavf60.16.100,44780,0.992750,5557,mp3,MP2/3 (MPEG audio layer 2/3),22050,1,mp3
vocab-item-019.mp3,audio_files/es-CO/vocab-item-019.mp3,ffprobe,,vocab-item-019,Levante Framework - ElevenLabs,"vocab, Vocabulary",Speech Synthesis,Valeria - Energetic & Engaging,ElevenLabs,es-CO,la pinza para la ropa,2025-09-03 08:58:19.650343,This file was created for the LEVANTE project and is released under a Creative Commons BY-NC-SA 4.0 license,Levante Project - ElevenLabs - Valeria - Energetic & Engaging - es-CO,2025,2025,,,,,Lavf60.16.100,40739,1.462750,7449,mp3,MP2/3 (MPEG audio layer 2/3),22050,1,mp3
vocab-item-020.mp3,audio_files/es-CO/vocab-item-020.mp3,ffprobe,,vocab-item-020,Levante Framework - ElevenLabs,"vocab, Vocabulary",Speech Synthesis,Valeria - Energetic & Engaging,ElevenLabs,es-CO,el portavaso,2025-09-03 08:58:20.711809,This file was created for the LEVANTE project and is released under a Creative Commons BY-NC-SA 4.0 license,Levante Project - ElevenLabs - Valeria - Energetic & Engaging - es-CO,2025,2025,,,,,Lavf60.16.100,43578,1.097250,5977,mp3,MP2/3 (MPEG audio layer 2/3),22050,1,mp3
vocab-item-021.mp3,audio_files/es-CO/vocab-item-021.mp3,ffprobe,,vocab-item-021,Levante Framework - ElevenLabs,"vocab, Vocabulary",Speech Synthesis,Valeria - Energetic & Engaging,ElevenLabs,es-CO,el corcho,2025-09-03 08:58:21.785361,This file was created for the LEVANTE project and is released under a Creative Commons BY-NC-SA 4.0 license,Levante Project - ElevenLabs - Valeria - Energetic & Engaging - es-CO,2025,2025,,,,,Lavf60.16.100,46700,0.862000,5032,mp3,MP2/3 (MPEG audio layer 2/3),22050,1,mp3
vocab-item-022.mp3,audio_files/es-CO/vocab-item-022.mp3,ffprobe,,vocab-item-022,Levante Framework - ElevenLabs,"vocab, Vocabulary",Speech Synthesis,Valeria - Energetic & Engaging,ElevenLabs,es-CO,el pan de maíz,2025-09-03 08:58:22.965662,This file was created for the LEVANTE project and is released under a Creative Commons BY-NC-SA 4.0 license,Levante Project - ElevenLabs - Valeria - Energetic & Engaging - es-CO,2025,2025,,,,,Lavf60.16.100,42827,1.175500,6293,mp3,MP2/3 (MPEG audio layer 2/3),22050,1,mp3
vocab-item-023.mp3,audio_files/es-CO/vocab-item-023.mp3,ffprobe,,vocab-item-023,Levante Framework - ElevenLabs,"vocab, Vocabulary",Speech Synthesis,Valeria - Energetic & Engaging,ElevenLabs,es-CO,el corsé,2025-09-03 08:58:24.018601,This file was created for the LEVANTE project and is released under a Creative Commons BY-NC-SA 4.0 license,Levante Project - ElevenLabs - Valeria - Energetic & Engaging - es-CO,2025,2025,,,,,Lavf60.16.100,45473,0.940500,5346,mp3,MP2/3 (MPEG audio layer 2/3),22050,1,mp3
vocab-item-024.mp3,audio_files/es-CO/vocab-item-024.mp3,ffprobe,,vocab-item-024,Levante Framework - ElevenLabs,"vocab, Vocabulary",Speech Synthesis,Valeria - Energetic & Engaging,ElevenLabs,es-CO,el dumpling,2025-09-03 08:58:25.197544,This file was created for the LEVANTE project and is released under a Creative Commons BY-NC-SA 4.0 license,Levante Project - ElevenLabs - Valeria - Energetic & Engaging - es-CO,2025,2025,,,,,Lavf60.16.100,44149,1.045000,5767,mp3,MP2/3 (MPEG audio layer 2/3),22050,1,mp3
vocab-item-025.mp3,audio_files/es-CO/vocab-item-025.mp3,ffprobe,,vocab-item-025,Levante Framework - ElevenLabs,"vocab, Vocabulary",Speech Synthesis,Valeria - Energetic & Engaging,ElevenLabs,es-CO,el codo,2025-09-03 08:58:26.229667,This file was created for the LEVANTE project and is released under a Creative Commons BY-NC-SA 4.0 license,Levante Project - ElevenLabs - Valeria - Energetic & Engaging - es-CO,2025,2025,,,,,Lavf60.16.100,46248,0.888250,5135,mp3,MP2/3 (MPEG audio layer 2/3),22050,1,mp3
vocab-item-026.mp3,audio_files/es-CO/vocab-item-026.mp3,ffprobe,,vocab-item-026,Levante Framework - ElevenLabs,"vocab, Vocabulary",Speech Synthesis,Valeria - Energetic & Engaging,ElevenLabs,es-CO,el ventilador,2025-09-03 08:58:27.400500,This file was created for the LEVANTE project and is released under a Creative Commons BY-NC-SA 4.0 license,Levante Project - ElevenLabs - Valeria - Energetic & Engaging - es-CO,2025,2025,,,,,Lavf60.16.100,43585,1.097250,5978,mp3,MP2/3 (MPEG audio layer 2/3),22050,1,mp3
vocab-item-027.mp3,audio_files/es-CO/vocab-item-027.mp3,ffprobe,,vocab-item-027,Levante Framework - ElevenLabs,"vocab, Vocabulary",Speech Synthesis,Valeria - Energetic & Engaging,ElevenLabs,es-CO,la espuma,2025-09-03 08:58:28.488434,This file was created for the LEVANTE project and is released under a Creative Commons BY-NC-SA 4.0 license,Levante Project - ElevenLabs - Valeria - Energetic & Engaging - es-CO,2025,2025,,,,,Lavf60.16.100,45473,0.940500,5346,mp3,MP2/3 (MPEG audio layer 2/3),22050,1,mp3
vocab-item-028.mp3,audio_files/es-CO/vocab-item-028.mp3,ffprobe,,vocab-item-028,Levante Framework - ElevenLabs,"vocab, Vocabulary",Speech Synthesis,Valeria - Energetic & Engaging,ElevenLabs,es-CO,la lavapiés,2025-09-03 08:58:29.549222,This file was created for the LEVANTE project and is released under a Creative Commons BY-NC-SA 4.0 license,Levante Project - ElevenLabs - Valeria - Energetic & Engaging - es-CO,2025,2025,,,,,Lavf60.16.100,44156,1.045000,5768,mp3,MP2/3 (MPEG audio layer 2/3),22050,1,mp3
vocab-item-029.mp3,audio_files/es-CO/vocab-item-029.mp3,ffprobe,,vocab-item-029,Levante Framework - ElevenLabs,"vocab, Vocabulary",Speech Synthesis,Valeria - Energetic & Engaging,ElevenLabs,es-CO,el pastel de frutas,2025-09-03 08:58:30.679750,This file was created for the LEVANTE project and is released under a Creative Commons BY-NC-SA 4.0 license,Levante Project - ElevenLabs - Valeria - Energetic & Engaging - es-CO,2025,2025,,,,,Lavf60.16.100,41400,1.358250,7029,mp3,MP2/3 (MPEG audio layer 2/3),22050,1,mp3
vocab-item-030.mp3,audio_files/es-CO/vocab-item-030.mp3,ffprobe,,vocab-item-030,Levante Framework - ElevenLabs,"vocab, Vocabulary",Speech Synthesis,Valeria - Energetic & Engaging,ElevenLabs,es-CO,la canaleta,2025-09-03 08:58:31.823694,This file was created for the LEVANTE project and is released under a Creative Commons BY-NC-SA 4.0 license,Levante Project - ElevenLabs - Valeria - Energetic & Engaging - es-CO,2025,2025,,,,,Lavf60.16.100,43570,1.097250,5976,mp3,MP2/3 (MPEG audio layer 2/3),22050,1,mp3
vocab-item-031.mp3,audio_files/es-CO/vocab-item-031.mp3,ffprobe,,vocab-item-031,Levante Framework - ElevenLabs,"vocab, Vocabulary",Speech Synthesis,Valeria - Energetic & Engaging,ElevenLabs,es-CO,el hámster,2025-09-03 08:58:32.841803,This file was created for the LEVANTE project and is released under a Creative Commons BY-NC-SA 4.0 license,Levante Project - ElevenLabs - Valeria - Energetic & Engaging - es-CO,2025,2025,,,,,Lavf60.16.100,44788,0.992750,5558,mp3,MP2/3 (MPEG audio layer 2/3),22050,1,mp3
vocab-item-032.mp3,audio_files/es-CO/vocab-item-032.mp3,ffprobe,,vocab-item-032,Levante Framework - ElevenLabs,"vocab, Vocabulary",Speech Synthesis,Valeria - Energetic & Engaging,ElevenLabs,es-CO,el erizo,2025-09-03 08:58:33.881588,This file was created for the LEVANTE project and is released under a Creative Commons BY-NC-SA 4.0 license,Levante Project - ElevenLabs - Valeria - Energetic & Engaging - es-CO,2025,2025,,,,,Lavf60.16.100,47639,0.809750,4822,mp3,MP2/3 (MPEG audio layer 2/3),22050,1,mp3
vocab-item-033.mp3,audio_files/es-CO/vocab-item-033.mp3,ffprobe,,vocab-item-033,Levante Framework - ElevenLabs,"vocab, Vocabulary",Speech Synthesis,Valeria - Energetic & Engaging,ElevenLabs,es-CO,la azadilla,2025-09-03 08:58:34.934522,This file was created for the LEVANTE project and is released under a Creative Commons BY-NC-SA 4.0 license,Levante Project - ElevenLabs - Valeria - Energetic & Engaging - es-CO,2025,2025,,,,,Lavf60.16.100,44149,1.045000,5767,mp3,MP2/3 (MPEG audio layer 2/3),22050,1,mp3
vocab-item-034.mp3,audio_files/es-CO/vocab-item-034.mp3,ffprobe,,vocab-item-034,Levante Framework - ElevenLabs,"vocab, Vocabulary",Speech Synthesis,Valeria - Energetic & Engaging,ElevenLabs,es-CO,la golosa,2025-09-03 08:58:36.081897,This file was created for the LEVANTE project and is released under a Creative Commons BY-NC-SA 4.0 license,Levante Project - ElevenLabs - Valeria - Energetic & Engaging - es-CO,2025,2025,,,,,Lavf60.16.100,45473,0.940500,5346,mp3,MP2/3 (MPEG audio layer 2/3),22050,1,mp3
vocab-item-035.mp3,audio_files/es-CO/vocab-item-035.mp3,ffprobe,,vocab-item-035,Levante Framework - ElevenLabs,"vocab, Vocabulary",Speech Synthesis,Valeria - Energetic & Engaging,ElevenLabs,es-CO,el kimono,2025-09-03 08:58:37.075903,This file was created for the LEVANTE project and is released under a Creative Commons BY-NC-SA 4.0 license,Levante Project - ElevenLabs - Valeria - Energetic & Engaging - es-CO,2025,2025,,,,,Lavf60.16.100,46266,0.888250,5137,mp3,MP2/3 (MPEG audio layer 2/3),22050,1,mp3
vocab-item-036.mp3,audio_files/es-CO/vocab-item-036.mp3,ffprobe,,vocab-item-036,Levante Framework - ElevenLabs,"vocab, Vocabulary",Speech Synthesis,Valeria - Energetic & Engaging,ElevenLabs,es-CO,el cerrojo,2025-09-03 08:58:38.210865,This file was created for the LEVANTE project and is released under a Creative Commons BY-NC-SA 4.0 license,Levante Project - ElevenLabs - Valeria - Energetic & Engaging - es-CO,2025,2025,,,,,Lavf60.16.100,45482,0.940500,5347,mp3,MP2/3 (MPEG audio layer 2/3),22050,1,mp3
vocab-item-037.mp3,audio_files/es-CO/vocab-item-037.mp3,ffprobe,,vocab-item-037,Levante Framework - ElevenLabs,"vocab, Vocabulary",Speech Synthesis,Valeria - Energetic & Engaging,ElevenLabs,es-CO,el casillero,2025-09-03 08:58:39.238597,This file was created for the LEVANTE project and is released under a Creative Commons BY-NC-SA 4.0 license,Levante Project - ElevenLabs - Valeria - Energetic & Engaging - es-CO,2025,2025,,,,,Lavf60.16.100,42807,1.175500,6290,mp3,MP2/3 (MPEG audio layer 2/3),22050,1,mp3
vocab-item-038.mp3,audio_files/es-CO/vocab-item-038.mp3,ffprobe,,vocab-item-038,Levante Framework - ElevenLabs,"vocab, Vocabulary",Speech Synthesis,Valeria - Energetic & Engaging,ElevenLabs,es-CO,la colombina,2025-09-03 08:58:40.280340,This file was created for the LEVANTE project and is released under a Creative Commons BY-NC-SA 4.0 license,Levante Project - ElevenLabs - Valeria - Energetic & Engaging - es-CO,2025,2025,,,,,Lavf60.16.100,43578,1.097250,5977,mp3,MP2/3 (MPEG audio layer 2/3),22050,1,mp3
vocab-item-039.mp3,audio_files/es-CO/vocab-item-039.mp3,ffprobe,,vocab-item-039,Levante Framework - ElevenLabs,"vocab, Vocabulary",Speech Synthesis,Valeria - Energetic & Engaging,ElevenLabs,es-CO,el mapa,2025-09-03 08:58:41.276411,This file was created for the LEVANTE project and is released under a Creative Commons BY-NC-SA 4.0 license,Levante Project - ElevenLabs - Valeria - Energetic & Engaging - es-CO,2025,2025,,,,,Lavf60.16.100,49934,0.705250,4402,mp3,MP2/3 (MPEG audio layer 2/3),22050,1,mp3
vocab-item-040.mp3,audio_files/es-CO/vocab-item-040.mp3,ffprobe,,vocab-item-040,Levante Framework - ElevenLabs,"vocab, Vocabulary",Speech Synthesis,Valeria - Energetic & Engaging,ElevenLabs,es-CO,el malvavisco,2025-09-03 08:58:42.408769,This file was created for the LEVANTE project and is released under a Creative Commons BY-NC-SA 4.0 license,Levante Project - ElevenLabs - Valeria - Energetic & Engaging - es-CO,2025,2025,,,,,Lavf60.16.100,43317,1.123250,6082,mp3,MP2/3 (MPEG audio layer 2/3),22050,1,mp3
vocab-item-041.mp3,audio_files/es-CO/vocab-item-041.mp3,ffprobe,,vocab-item-041,Levante Framework - ElevenLabs,"vocab, Vocabulary",Speech Synthesis,Valeria - Energetic & Engaging,ElevenLabs,es-CO,la malla,2025-09-03 08:58:43.466902,This file was created for the LEVANTE project and is released under a Creative Commons BY-NC-SA 4.0 license,Levante Project - ElevenLabs - Valeria - Energetic & Engaging - es-CO,2025,2025,,,,,Lavf60.16.100,45465,0.940500,5345,mp3,MP2/3 (MPEG audio layer 2/3),22050,1,mp3
vocab-item-042.mp3,audio_files/es-CO/vocab-item-042.mp3,ffprobe,,vocab-item-042,Levante Framework - ElevenLabs,"vocab, Vocabulary",Speech Synthesis,Valeria - Energetic & Engaging,ElevenLabs,es-CO,el aceite,2025-09-03 08:58:44.484987,This file was created for the LEVANTE project and is released under a Creative Commons BY-NC-SA 4.0 license,Levante Project - ElevenLabs - Valeria - Energetic & Engaging - es-CO,2025,2025,,,,,Lavf60.16.100,45473,0.940500,5346,mp3,MP2/3 (MPEG audio layer 2/3),22050,1,mp3
vocab-item-043.mp3,audio_files/es-CO/vocab-item-043.mp3,ffprobe,,vocab-item-043,Levante Framework - ElevenLabs,"vocab, Vocabulary",Speech Synthesis,Valeria - Energetic & Engaging,ElevenLabs,es-CO,la tortilla,2025-09-03 08:58:45.492632,This file was created for the LEVANTE project and is released under a Creative Commons BY-NC-SA 4.0 license,Levante Project - ElevenLabs - Valeria - Energetic & Engaging - es-CO,2025,2025,,,,,Lavf60.16.100,44149,1.045000,5767,mp3,MP2/3 (MPEG audio layer 2/3),22050,1,mp3
vocab-item-044.mp3,audio_files/es-CO/vocab-item-044.mp3,ffprobe,,vocab-item-044,Levante Framework - ElevenLabs,"vocab, Vocabulary",Speech Synthesis,Valeria - Energetic & Engaging,ElevenLabs,es-CO,la tarta,2025-09-03 08:58:46.530480,This file was created for the LEVANTE project and is released under a Creative Commons BY-NC-SA 4.0 license,Levante Project - ElevenLabs - Valeria - Energetic & Engaging - es-CO,2025,2025,,,,,Lavf60.16.100,47639,0.809750,4822,mp3,MP2/3 (MPEG audio layer 2/3),22050,1,mp3
vocab-item-045.mp3,audio_files/es-CO/vocab-item-045.mp3,ffprobe,,vocab-item-045,Levante Framework - ElevenLabs,"vocab, Vocabulary",Speech Synthesis,Valeria - Energetic & Engaging,ElevenLabs,es-CO,el pistacho,2025-09-03 08:58:47.649518,This file was created for the LEVANTE project and is released under a Creative Commons BY-NC-SA 4.0 license,Levante Project - ElevenLabs - Valeria - Energetic & Engaging - es-CO,2025,2025,,,,,Lavf60.16.100,45490,0.940500,5348,mp3,MP2/3 (MPEG audio layer 2/3),22050,1,mp3
vocab-item-046.mp3,audio_files/es-CO/vocab-item-046.mp3,ffprobe,,vocab-item-046,Levante Framework - ElevenLabs,"vocab, Vocabulary",Speech Synthesis,Valeria - Energetic & Engaging,ElevenLabs,es-CO,la jarra,2025-09-03 08:58:48.694240,This file was created for the LEVANTE project and is released under a Creative Commons BY-NC-SA 4.0 license,Levante Project - ElevenLabs - Valeria - Energetic & Engaging - es-CO,2025,2025,,,,,Lavf60.16.100,46691,0.862000,5031,mp3,MP2/3 (MPEG audio layer 2/3),22050,1,mp3
vocab-item-047.mp3,audio_files/es-CO/vocab-item-047.mp3,ffprobe,,vocab-item-047,Levante Framework - ElevenLabs,"vocab, Vocabulary",Speech Synthesis,Valeria - Energetic & Engaging,ElevenLabs,es-CO,la papa,2025-09-03 08:58:49.678912,This file was created for the LEVANTE project and is released under a Creative Commons BY-NC-SA 4.0 license,Levante Project - ElevenLabs - Valeria - Energetic & Engaging - es-CO,2025,2025,,,,,Lavf60.16.100,47629,0.809750,4821,mp3,MP2/3 (MPEG audio layer 2/3),22050,1,mp3
vocab-item-048.mp3,audio_files/es-CO/vocab-item-048.mp3,ffprobe,,vocab-item-048,Levante Framework - ElevenLabs,"vocab, Vocabulary",Speech Synthesis,Valeria - Energetic & Engaging,ElevenLabs,es-CO,el prisma,2025-09-03 08:58:50.679329,This file was created for the LEVANTE project and is released under a Creative Commons BY-NC-SA 4.0 license,Levante Project - ElevenLabs - Valeria - Energetic & Engaging - es-CO,2025,2025,,,,,Lavf60.16.100,45473,0.940500,5346,mp3,MP2/3 (MPEG audio layer 2/3),22050,1,mp3
vocab-item-049.mp3,audio_files/es-CO/vocab-item-049.mp3,ffprobe,,vocab-item-049,Levante Framework - ElevenLabs,"vocab, Vocabulary",Speech Synthesis,Valeria - Energetic & Engaging,ElevenLabs,es-CO,el charco,2025-09-03 08:58:51.678974,This file was created for the LEVANTE project and is released under a Creative Commons BY-NC-SA 4.0 license,Levante Project - ElevenLabs - Valeria - Energetic & Engaging - es-CO,2025,2025,,,,,Lavf60.16.100,47649,0.809750,4823,mp3,MP2/3 (MPEG audio layer 2/3),22050,1,mp3
vocab-item-050.mp3,audio_files/es-CO/vocab-item-050.mp3,ffprobe,,vocab-item-050,Levante Framework - ElevenLabs,"vocab, Vocabulary",Speech Synthesis,Valeria - Energetic & Engaging,ElevenLabs,es-CO,la bomba de agua,2025-09-03 08:58:52.766034,This file was created for the LEVANTE project and is released under a Creative Commons BY-NC-SA 4.0 license,Levante Project - ElevenLabs - Valeria - Energetic & Engaging - es-CO,2025,2025,,,,,Lavf60.16.100,41956,1.280000,6713,mp3,MP2/3 (MPEG audio layer 2/3),22050,1,mp3
vocab-item-051.mp3,audio_files/es-CO/vocab-item-051.mp3,ffprobe,,vocab-item-051,Levante Framework - ElevenLabs,"vocab, Vocabulary",Speech Synthesis,Valeria - Energetic & Engaging,ElevenLabs,es-CO,el arroz,2025-09-03 08:58:53.772457,This file was created for the LEVANTE project and is released under a Creative Commons BY-NC-SA 4.0 license,Levante Project - ElevenLabs - Valeria - Energetic & Engaging - es-CO,2025,2025,,,,,Lavf60.16.100,48718,0.757500,4613,mp3,MP2/3 (MPEG audio layer 2/3),22050,1,mp3
vocab-item-052.mp3,audio_files/es-CO/vocab-item-052.mp3,ffprobe,,vocab-item-052,Levante Framework - ElevenLabs,"vocab, Vocabulary",Speech Synthesis,Valeria - Energetic & Engaging,ElevenLabs,es-CO,la silla de montar,2025-09-03 08:58:54.828451,This file was created for the LEVANTE project and is released under a Creative Commons BY-NC-SA 4.0 license,Levante Project - ElevenLabs - Valeria - Energetic & Engaging - es-CO,2025,2025,,,,,Lavf60.16.100,41770,1.306000,6819,mp3,MP2/3 (MPEG audio layer 2/3),22050,1,mp3
vocab-item-053.mp3,audio_files/es-CO/vocab-item-053.mp3,ffprobe,,vocab-item-053,Levante Framework - ElevenLabs,"vocab, Vocabulary",Speech Synthesis,Valeria - Energetic & Engaging,ElevenLabs,es-CO,el saco de arena,2025-09-03 08:58:55.903961,This file was created for the LEVANTE project and is released under a Creative Commons BY-NC-SA 4.0 license,Levante Project - ElevenLabs - Valeria - Energetic & Engaging - es-CO,2025,2025,,,,,Lavf60.16.100,41956,1.280000,6713,mp3,MP2/3 (MPEG audio layer 2/3),22050,1,mp3
vocab-item-054.mp3,audio_files/es-CO/vocab-item-054.mp3,ffprobe,,vocab-item-054,Levante Framework - ElevenLabs,"vocab, Vocabulary",Speech Synthesis,Valeria - Energetic & Engaging,ElevenLabs,es-CO,el andamio,2025-09-03 08:58:57.082482,This file was created for the LEVANTE project and is released under a Creative Commons BY-NC-SA 4.0 license,Levante Project - ElevenLabs - Valeria - Energetic & Engaging - es-CO,2025,2025,,,,,Lavf60.16.100,46275,0.888250,5138,mp3,MP2/3 (MPEG audio layer 2/3),22050,1,mp3
vocab-item-055.mp3,audio_files/es-CO/vocab-item-055.mp3,ffprobe,,vocab-item-055,Levante Framework - ElevenLabs,"vocab, Vocabulary",Speech Synthesis,Valeria - Energetic & Engaging,ElevenLabs,es-CO,el cucharón,2025-09-03 08:58:58.227083,This file was created for the LEVANTE project and is released under a Creative Commons BY-NC-SA 4.0 license,Levante Project - ElevenLabs - Valeria - Energetic & Engaging - es-CO,2025,2025,,,,,Lavf60.16.100,44796,0.992750,5559,mp3,MP2/3 (MPEG audio layer 2/3),22050,1,mp3
vocab-item-056.mp3,audio_files/es-CO/vocab-item-056.mp3,ffprobe,,vocab-item-056,Levante Framework - ElevenLabs,"vocab, Vocabulary",Speech Synthesis,Valeria - Energetic & Engaging,ElevenLabs,es-CO,la gaviota,2025-09-03 08:58:59.218162,This file was created for the LEVANTE project and is released under a Creative Commons BY-NC-SA 4.0 license,Levante Project - ElevenLabs - Valeria - Energetic & Engaging - es-CO,2025,2025,,,,,Lavf60.16.100,44780,0.992750,5557,mp3,MP2/3 (MPEG audio layer 2/3),22050,1,mp3
vocab-item-057.mp3,audio_files/es-CO/vocab-item-057.mp3,ffprobe,,vocab-item-057,Levante Framework - ElevenLabs,"vocab, Vocabulary",Speech Synthesis,Valeria - Energetic & Engaging,ElevenLabs,es-CO,el barco,2025-09-03 08:59:00.209499,This file was created for the LEVANTE project and is released under a Creative Commons BY-NC-SA 4.0 license,Levante Project - ElevenLabs - Valeria - Energetic & Engaging - es-CO,2025,2025,,,,,Lavf60.16.100,47639,0.809750,4822,mp3,MP2/3 (MPEG audio layer 2/3),22050,1,mp3
vocab-item-058.mp3,audio_files/es-CO/vocab-item-058.mp3,ffprobe,,vocab-item-058,Levante Framework - ElevenLabs,"vocab, Vocabulary",Speech Synthesis,Valeria - Energetic & Engaging,ElevenLabs,es-CO,la ducha,2025-09-03 08:59:01.216964,This file was created for the LEVANTE project and is released under a Creative Commons BY-NC-SA 4.0 license,Levante Project - ElevenLabs - Valeria - Energetic & Engaging - es-CO,2025,2025,,,,,Lavf60.16.100,48718,0.757500,4613,mp3,MP2/3 (MPEG audio layer 2/3),22050,1,mp3
vocab-item-059.mp3,audio_files/es-CO/vocab-item-059.mp3,ffprobe,,vocab-item-059,Levante Framework - ElevenLabs,"vocab, Vocabulary",Speech Synthesis,Valeria - Energetic & Engaging,ElevenLabs,es-CO,los cubiertos,2025-09-03 08:59:02.266698,This file was created for the LEVANTE project and is released under a Creative Commons BY-NC-SA 4.0 license,Levante Project - ElevenLabs - Valeria - Energetic & Engaging - es-CO,2025,2025,,,,,Lavf60.16.100,42814,1.175500,6291,mp3,MP2/3 (MPEG audio layer 2/3),22050,1,mp3
vocab-item-060.mp3,audio_files/es-CO/vocab-item-060.mp3,ffprobe,,vocab-item-060,Levante Framework - ElevenLabs,"vocab, Vocabulary",Speech Synthesis,Valeria - Energetic & Engaging,ElevenLabs,es-CO,el lavamanos,2025-09-03 08:59:03.357553,This file was created for the LEVANTE project and is released under a Creative Commons BY-NC-SA 4.0 license,Levante Project - ElevenLabs - Valeria - Energetic & Engaging - es-CO,2025,2025,,,,,Lavf60.16.100,43578,1.097250,5977,mp3,MP2/3 (MPEG audio layer 2/3),22050,1,mp3
vocab-item-061.mp3,audio_files/es-CO/vocab-item-061.mp3,ffprobe,,vocab-item-061,Levante Framework - ElevenLabs,"vocab, Vocabulary",Speech Synthesis,Valeria - Energetic & Engaging,ElevenLabs,es-CO,el esquí,2025-09-03 08:59:04.374892,This file was created for the LEVANTE project and is released under a Creative Commons BY-NC-SA 4.0 license,Levante Project - ElevenLabs - Valeria - Energetic & Engaging - es-CO,2025,2025,,,,,Lavf60.16.100,47649,0.809750,4823,mp3,MP2/3 (MPEG audio layer 2/3),22050,1,mp3
vocab-item-062.mp3,audio_files/es-CO/vocab-item-062.mp3,ffprobe,,vocab-item-062,Levante Framework - ElevenLabs,"vocab, Vocabulary",Speech Synthesis,Valeria - Energetic & Engaging,ElevenLabs,es-CO,el oso perezoso,2025-09-03 08:59:05.595309,This file was created for the LEVANTE project and is released under a Creative Commons BY-NC-SA 4.0 license,Levante Project - ElevenLabs - Valeria - Energetic & Engaging - es-CO,2025,2025,,,,,Lavf60.16.100,42827,1.175500,6293,mp3,MP2/3 (MPEG audio layer 2/3),22050,1,mp3
vocab-item-063.mp3,audio_files/es-CO/vocab-item-063.mp3,ffprobe,,vocab-item-063,Levante Framework - ElevenLabs,"vocab, Vocabulary",Speech Synthesis,Valeria - Energetic & Engaging,ElevenLabs,es-CO,el caracol,2025-09-03 08:59:06.620546,This file was created for the LEVANTE project and is released under a Creative Commons BY-NC-SA 4.0 license,Levante Project - ElevenLabs - Valeria - Energetic & Engaging - es-CO,2025,2025,,,,,Lavf60.16.100,44780,0.992750,5557,mp3,MP2/3 (MPEG audio layer 2/3),22050,1,mp3
vocab-item-064.mp3,audio_files/es-CO/vocab-item-064.mp3,ffprobe,,vocab-item-064,Levante Framework - ElevenLabs,"vocab, Vocabulary",Speech Synthesis,Valeria - Energetic & Engaging,ElevenLabs,es-CO,el sorbete,2025-09-03 08:59:07.706200,This file was created for the LEVANTE project and is released under a Creative Commons BY-NC-SA 4.0 license,Levante Project - ElevenLabs - Valeria - Energetic & Engaging - es-CO,2025,2025,,,,,Lavf60.16.100,44780,0.992750,5557,mp3,MP2/3 (MPEG audio layer 2/3),22050,1,mp3
vocab-item-065.mp3,audio_files/es-CO/vocab-item-065.mp3,ffprobe,,vocab-item-065,Levante Framework - ElevenLabs,"vocab, Vocabulary",Speech Synthesis,Valeria - Energetic & Engaging,ElevenLabs,es-CO,la espátula,2025-09-03 08:59:08.868848,This file was created for the LEVANTE project and is released under a Creative Commons BY-NC-SA 4.0 license,Levante Project - ElevenLabs - Valeria - Energetic & Engaging - es-CO,2025,2025,,,,,Lavf60.16.100,43578,1.097250,5977,mp3,MP2/3 (MPEG audio layer 2/3),22050,1,mp3
vocab-item-066.mp3,audio_files/es-CO/vocab-item-066.mp3,ffprobe,,vocab-item-066,Levante Framework - ElevenLabs,"vocab, Vocabulary",Speech Synthesis,Valeria - Energetic & Engaging,ElevenLabs,es-CO,el aspersor,2025-09-03 08:59:09.923766,This file was created for the LEVANTE project and is released under a Creative Commons BY-NC-SA 4.0 license,Levante Project - ElevenLabs - Valeria - Energetic & Engaging - es-CO,2025,2025,,,,,Lavf60.16.100,44149,1.045000,5767,mp3,MP2/3 (MPEG audio layer 2/3),22050,1,mp3
vocab-item-067.mp3,audio_files/es-CO/vocab-item-067.mp3,ffprobe,,vocab-item-067,Levante Framework - ElevenLabs,"vocab, Vocabulary",Speech Synthesis,Valeria - Energetic & Engaging,ElevenLabs,es-CO,la calabaza,2025-09-03 08:59:11.003824,This file was created for the LEVANTE project and is released under a Creative Commons BY-NC-SA 4.0 license,Levante Project - ElevenLabs - Valeria - Energetic & Engaging - es-CO,2025,2025,,,,,Lavf60.16.100,44149,1.045000,5767,mp3,MP2/3 (MPEG audio layer 2/3),22050,1,mp3
vocab-item-068.mp3,audio_files/es-CO/vocab-item-068.mp3,ffprobe,,vocab-item-068,Levante Framework - ElevenLabs,"vocab, Vocabulary",Speech Synthesis,Valeria - Energetic & Engaging,ElevenLabs,es-CO,la ardilla,2025-09-03 08:59:12.005912,This file was created for the LEVANTE project and is released under a Creative Commons BY-NC-SA 4.0 license,Levante Project - ElevenLabs - Valeria - Energetic & Engaging - es-CO,2025,2025,,,,,Lavf60.16.100,45482,0.940500,5347,mp3,MP2/3 (MPEG audio layer 2/3),22050,1,mp3
vocab-item-069.mp3,audio_files/es-CO/vocab-item-069.mp3,ffprobe,,vocab-item-069,Levante Framework - ElevenLabs,"vocab, Vocabulary",Speech Synthesis,Valeria - Energetic & Engaging,ElevenLabs,es-CO,el guiso,2025-09-03 08:59:12.984101,This file was created for the LEVANTE project and is released under a Creative Commons BY-NC-SA 4.0 license,Levante Project - ElevenLabs - Valeria - Energetic & Engaging - es-CO,2025,2025,,,,,Lavf60.16.100,48718,0.757500,4613,mp3,MP2/3 (MPEG audio layer 2/3),22050,1,mp3
vocab-item-070.mp3,audio_files/es-CO/vocab-item-070.mp3,ffprobe,,vocab-item-070,Levante Framework - ElevenLabs,"vocab, Vocabulary",Speech Synthesis,Valeria - Energetic & Engaging,ElevenLabs,es-CO,la banda elástica,2025-09-03 08:59:14.029182,This file was created for the LEVANTE project and is released under a Creative Commons BY-NC-SA 4.0 license,Levante Project - ElevenLabs - Valeria - Energetic & Engaging - es-CO,2025,2025,,,,,Lavf60.16.100,41968,1.280000,6715,mp3,MP2/3 (MPEG audio layer 2/3),22050,1,mp3
vocab-item-071.mp3,audio_files/es-CO/vocab-item-071.mp3,ffprobe,,vocab-item-071,Levante Framework - ElevenLabs,"vocab, Vocabulary",Speech Synthesis,Valeria - Energetic & Engaging,ElevenLabs,es-CO,el tocón,2025-09-03 08:59:15.041566,This file was created for the LEVANTE project and is released under a Creative Commons BY-NC-SA 4.0 license,Levante Project - ElevenLabs - Valeria - Energetic & Engaging - es-CO,2025,2025,,,,,Lavf60.16.100,45473,0.940500,5346,mp3,MP2/3 (MPEG audio layer 2/3),22050,1,mp3
vocab-item-072.mp3,audio_files/es-CO/vocab-item-072.mp3,ffprobe,,vocab-item-072,Levante Framework - ElevenLabs,"vocab, Vocabulary",Speech Synthesis,Valeria - Energetic & Engaging,ElevenLabs,es-CO,el girasol,2025-09-03 08:59:16.055529,This file was created for the LEVANTE project and is released under a Creative Commons BY-NC-SA 4.0 license,Levante Project - ElevenLabs - Valeria - Energetic & Engaging - es-CO,2025,2025,,,,,Lavf60.16.100,46275,0.888250,5138,mp3,MP2/3 (MPEG audio layer 2/3),22050,1,mp3
vocab-item-073.mp3,audio_files/es-CO/vocab-item-073.mp3,ffprobe,,vocab-item-073,Levante Framework - ElevenLabs,"vocab, Vocabulary",Speech Synthesis,Valeria - Energetic & Engaging,ElevenLabs,es-CO,el pez espada,2025-09-03 08:59:17.087847,This file was created for the LEVANTE project and is released under a Creative Commons BY-NC-SA 4.0 license,Levante Project - ElevenLabs - Valeria - Energetic & Engaging - es-CO,2025,2025,,,,,Lavf60.16.100,43317,1.123250,6082,mp3,MP2/3 (MPEG audio layer 2/3),22050,1,mp3
vocab-item-074.mp3,audio_files/es-CO/vocab-item-074.mp3,ffprobe,,vocab-item-074,Levante Framework - ElevenLabs,"vocab, Vocabulary",Speech Synthesis,Valeria - Energetic & Engaging,ElevenLabs,es-CO,el tapiz,2025-09-03 08:59:18.130377,This file was created for the LEVANTE project and is released under a Creative Commons BY-NC-SA 4.0 license,Levante Project - ElevenLabs - Valeria - Energetic & Engaging - es-CO,2025,2025,,,,,Lavf60.16.100,45465,0.940500,5345,mp3,MP2/3 (MPEG audio layer 2/3),22050,1,mp3
vocab-item-075.mp3,audio_files/es-CO/vocab-item-075.mp3,ffprobe,,vocab-item-075,Levante Framework - ElevenLabs,"vocab, Vocabulary",Speech Synthesis,Valeria - Energetic & Engaging,ElevenLabs,es-CO,la bolsa de té,2025-09-03 08:59:19.215699,This file was created for the LEVANTE project and is released under a Creative Commons BY-NC-SA 4.0 license,Levante Project - ElevenLabs - Valeria - Energetic & Engaging - es-CO,2025,2025,,,,,Lavf60.16.100,42366,1.227750,6502,mp3,MP2/3 (MPEG audio layer 2/3),22050,1,mp3
vocab-item-076.mp3,audio_files/es-CO/vocab-item-076.mp3,ffprobe,,vocab-item-076,Levante Framework - ElevenLabs,"vocab, Vocabulary",Speech Synthesis,Valeria - Energetic & Engaging,ElevenLabs,es-CO,el telescopio,2025-09-03 08:59:20.790760,This file was created for the LEVANTE project and is released under a Creative Commons BY-NC-SA 4.0 license,Levante Project - ElevenLabs - Valeria - Energetic & Engaging - es-CO,2025,2025,,,,,Lavf60.16.100,44164,1.045000,5769,mp3,MP2/3 (MPEG audio layer 2/3),22050,1,mp3
vocab-item-077.mp3,audio_files/es-CO/vocab-item-077.mp3,ffprobe,,vocab-item-077,Levante Framework - ElevenLabs,"vocab, Vocabulary",Speech Synthesis,Valeria - Energetic & Engaging,ElevenLabs,es-CO,el termo,2025-09-03 08:59:21.772914,This file was created for the LEVANTE project and is released under a Creative Commons BY-NC-SA 4.0 license,Levante Project - ElevenLabs - Valeria - Energetic & Engaging - es-CO,2025,2025,,,,,Lavf60.16.100,48718,0.757500,4613,mp3,MP2/3 (MPEG audio layer 2/3),22050,1,mp3
vocab-item-078.mp3,audio_files/es-CO/vocab-item-078.mp3,ffprobe,,vocab-item-078,Levante Framework - ElevenLabs,"vocab, Vocabulary",Speech Synthesis,Valeria - Energetic & Engaging,ElevenLabs,es-CO,el tesoro,2025-09-03 08:59:22.944485,This file was created for the LEVANTE project and is released under a Creative Commons BY-NC-SA 4.0 license,Levante Project - ElevenLabs - Valeria - Energetic & Engaging - es-CO,2025,2025,,,,,Lavf60.16.100,46266,0.888250,5137,mp3,MP2/3 (MPEG audio layer 2/3),22050,1,mp3
vocab-item-079.mp3,audio_files/es-CO/vocab-item-079.mp3,ffprobe,,vocab-item-079,Levante Framework - ElevenLabs,"vocab, Vocabulary",Speech Synthesis,Valeria - Energetic & Engaging,ElevenLabs,es-CO,la trompeta,2025-09-03 08:59:23.942724,This file was created for the LEVANTE project and is released under a Creative Commons BY-NC-SA 4.0 license,Levante Project - ElevenLabs - Valeria - Energetic & Engaging - es-CO,2025,2025,,,,,Lavf60.16.100,43570,1.097250,5976,mp3,MP2/3 (MPEG audio layer 2/3),22050,1,mp3
vocab-item-080.mp3,audio_files/es-CO/vocab-item-080.mp3,ffprobe,,vocab-item-080,Levante Framework - ElevenLabs,"vocab, Vocabulary",Speech Synthesis,Valeria - Energetic & Engaging,ElevenLabs,es-CO,el tulipán,2025-09-03 08:59:24.938379,This file was created for the LEVANTE project and is released under a Creative Commons BY-NC-SA 4.0 license,Levante Project - ElevenLabs - Valeria - Energetic & Engaging - es-CO,2025,2025,,,,,Lavf60.16.100,44788,0.992750,5558,mp3,MP2/3 (MPEG audio layer 2/3),22050,1,mp3
vocab-item-081.mp3,audio_files/es-CO/vocab-item-081.mp3,ffprobe,,vocab-item-081,Levante Framework - ElevenLabs,"vocab, Vocabulary",Speech Synthesis,Valeria - Energetic & Engaging,ElevenLabs,es-CO,la turbina,2025-09-03 08:59:25.967955,This file was created for the LEVANTE project and is released under a Creative Commons BY-NC-SA 4.0 license,Levante Project - ElevenLabs - Valeria - Energetic & Engaging - es-CO,2025,2025,,,,,Lavf60.16.100,44780,0.992750,5557,mp3,MP2/3 (MPEG audio layer 2/3),22050,1,mp3
vocab-item-082.mp3,audio_files/es-CO/vocab-item-082.mp3,ffprobe,,vocab-item-082,Levante Framework - ElevenLabs,"vocab, Vocabulary",Speech Synthesis,Valeria - Energetic & Engaging,ElevenLabs,es-CO,el pavo,2025-09-03 08:59:27.003928,This file was created for the LEVANTE project and is released under a Creative Commons BY-NC-SA 4.0 license,Levante Project - ElevenLabs - Valeria - Energetic & Engaging - es-CO,2025,2025,,,,,Lavf60.16.100,46248,0.888250,5135,mp3,MP2/3 (MPEG audio layer 2/3),22050,1,mp3
vocab-item-083.mp3,audio_files/es-CO/vocab-item-083.mp3,ffprobe,,vocab-item-083,Levante Framework - ElevenLabs,"vocab, Vocabulary",Speech Synthesis,Valeria - Energetic & Engaging,ElevenLabs,es-CO,la tortuga,2025-09-03 08:59:28.029983,This file was created for the LEVANTE project and is released under a Creative Commons BY-NC-SA 4.0 license,Levante Project - ElevenLabs - Valeria - Energetic & Engaging - es-CO,2025,2025,,,,,Lavf60.16.100,45482,0.940500,5347,mp3,MP2/3 (MPEG audio layer 2/3),22050,1,mp3
vocab-item-084.mp3,audio_files/es-CO/vocab-item-084.mp3,ffprobe,,vocab-item-084,Levante Framework - ElevenLabs,"vocab, Vocabulary",Speech Synthesis,Valeria - Energetic & Engaging,ElevenLabs,es-CO,la máquina de escribir,2025-09-03 08:59:29.089248,This file was created for the LEVANTE project and is released under a Creative Commons BY-NC-SA 4.0 license,Levante Project - ElevenLabs - Valeria - Energetic & Engaging - es-CO,2025,2025,,,,,Lavf60.16.100,40750,1.462750,7451,mp3,MP2/3 (MPEG audio layer 2/3),22050,1,mp3
vocab-item-085.mp3,audio_files/es-CO/vocab-item-085.mp3,ffprobe,,vocab-item-085,Levante Framework - ElevenLabs,"vocab, Vocabulary",Speech Synthesis,Valeria - Energetic & Engaging,ElevenLabs,es-CO,la sandía,2025-09-03 08:59:30.152862,This file was created for the LEVANTE project and is released under a Creative Commons BY-NC-SA 4.0 license,Levante Project - ElevenLabs - Valeria - Energetic & Engaging - es-CO,2025,2025,,,,,Lavf60.16.100,44780,0.992750,5557,mp3,MP2/3 (MPEG audio layer 2/3),22050,1,mp3
vocab-item-086.mp3,audio_files/es-CO/vocab-item-086.mp3,ffprobe,,vocab-item-086,Levante Framework - ElevenLabs,"vocab, Vocabulary",Speech Synthesis,Valeria - Energetic & Engaging,ElevenLabs,es-CO,la rueda hidráulica,2025-09-03 08:59:31.259112,This file was created for the LEVANTE project and is released under a Creative Commons BY-NC-SA 4.0 license,Levante Project - ElevenLabs - Valeria - Energetic & Engaging - es-CO,2025,2025,,,,,Lavf60.16.100,41057,1.410500,7239,mp3,MP2/3 (MPEG audio layer 2/3),22050,1,mp3
vocab-item-087.mp3,audio_files/es-CO/vocab-item-087.mp3,ffprobe,,vocab-item-087,Levante Framework - ElevenLabs,"vocab, Vocabulary",Speech Synthesis,Valeria - Energetic & Engaging,ElevenLabs,es-CO,la hormiga,2025-09-03 08:59:32.293538,This file was created for the LEVANTE project and is released under a Creative Commons BY-NC-SA 4.0 license,Levante Project - ElevenLabs - Valeria - Energetic & Engaging - es-CO,2025,2025,,,,,Lavf60.16.100,45482,0.940500,5347,mp3,MP2/3 (MPEG audio layer 2/3),22050,1,mp3
vocab-item-088.mp3,audio_files/es-CO/vocab-item-088.mp3,ffprobe,,vocab-item-088,Levante Framework - ElevenLabs,"vocab, Vocabulary",Speech Synthesis,Valeria - Energetic & Engaging,ElevenLabs,es-CO,la pelota,2025-09-03 08:59:33.803872,This file was created for the LEVANTE project and is released under a Creative Commons BY-NC-SA 4.0 license,Levante Project - ElevenLabs - Valeria - Energetic & Engaging - es-CO,2025,2025,,,,,Lavf60.16.100,45473,0.940500,5346,mp3,MP2/3 (MPEG audio layer 2/3),22050,1,mp3
vocab-item-089.mp3,audio_files/es-CO/vocab-item-089.mp3,ffprobe,,vocab-item-089,Levante Framework - ElevenLabs,"vocab, Vocabulary",Speech Synthesis,Valeria - Energetic & Engaging,ElevenLabs,es-CO,el oso,2025-09-03 08:59:34.851267,This file was created for the LEVANTE project and is released under a Creative Commons BY-NC-SA 4.0 license,Levante Project - ElevenLabs - Valeria - Energetic & Engaging - es-CO,2025,2025,,,,,Lavf60.16.100,49922,0.705250,4401,mp3,MP2/3 (MPEG audio layer 2/3),22050,1,mp3
vocab-item-090.mp3,audio_files/es-CO/vocab-item-090.mp3,ffprobe,,vocab-item-090,Levante Framework - ElevenLabs,"vocab, Vocabulary",Speech Synthesis,Valeria - Energetic & Engaging,ElevenLabs,es-CO,el pato,2025-09-03 08:59:35.922814,This file was created for the LEVANTE project and is released under a Creative Commons BY-NC-SA 4.0 license,Levante Project - ElevenLabs - Valeria - Energetic & Engaging - es-CO,2025,2025,,,,,Lavf60.16.100,46248,0.888250,5135,mp3,MP2/3 (MPEG audio layer 2/3),22050,1,mp3
vocab-item-091.mp3,audio_files/es-CO/vocab-item-091.mp3,ffprobe,,vocab-item-091,Levante Framework - ElevenLabs,"vocab, Vocabulary",Speech Synthesis,Valeria - Energetic & Engaging,ElevenLabs,es-CO,el tenedor,2025-09-03 08:59:36.939073,This file was created for the LEVANTE project and is released under a Creative Commons BY-NC-SA 4.0 license,Levante Project - ElevenLabs - Valeria - Energetic & Engaging - es-CO,2025,2025,,,,,Lavf60.16.100,44780,0.992750,5557,mp3,MP2/3 (MPEG audio layer 2/3),22050,1,mp3
vocab-item-092.mp3,audio_files/es-CO/vocab-item-092.mp3,ffprobe,,vocab-item-092,Levante Framework - ElevenLabs,"vocab, Vocabulary",Speech Synthesis,Valeria - Energetic & Engaging,ElevenLabs,es-CO,el gatito,2025-09-03 08:59:37.925932,This file was created for the LEVANTE project and is released under a Creative Commons BY-NC-SA 4.0 license,Levante Project - ElevenLabs - Valeria - Energetic & Engaging - es-CO,2025,2025,,,,,Lavf60.16.100,46266,0.888250,5137,mp3,MP2/3 (MPEG audio layer 2/3),22050,1,mp3
vocab-item-093.mp3,audio_files/es-CO/vocab-item-093.mp3,ffprobe,,vocab-item-093,Levante Framework - ElevenLabs,"vocab, Vocabulary",Speech Synthesis,Valeria - Energetic & Engaging,ElevenLabs,es-CO,la rodilla,2025-09-03 08:59:38.990667,This file was created for the LEVANTE project and is released under a Creative Commons BY-NC-SA 4.0 license,Levante Project - ElevenLabs - Valeria - Energetic & Engaging - es-CO,2025,2025,,,,,Lavf60.16.100,44780,0.992750,5557,mp3,MP2/3 (MPEG audio layer 2/3),22050,1,mp3
vocab-item-094.mp3,audio_files/es-CO/vocab-item-094.mp3,ffprobe,,vocab-item-094,Levante Framework - ElevenLabs,"vocab, Vocabulary",Speech Synthesis,Valeria - Energetic & Engaging,ElevenLabs,es-CO,la malteada,2025-09-03 08:59:40.009881,This file was created for the LEVANTE project and is released under a Creative Commons BY-NC-SA 4.0 license,Levante Project - ElevenLabs - Valeria - Energetic & Engaging - es-CO,2025,2025,,,,,Lavf60.16.100,44149,1.045000,5767,mp3,MP2/3 (MPEG audio layer 2/3),22050,1,mp3
vocab-item-095.mp3,audio_files/es-CO/vocab-item-095.mp3,ffprobe,,vocab-item-095,Levante Framework - ElevenLabs,"vocab, Vocabulary",Speech Synthesis,Valeria - Energetic & Engaging,ElevenLabs,es-CO,la piel,2025-09-03 08:59:41.070503,This file was created for the LEVANTE project and is released under a Creative Commons BY-NC-SA 4.0 license,Levante Project - ElevenLabs - Valeria - Energetic & Engaging - es-CO,2025,2025,,,,,Lavf60.16.100,46682,0.862000,5030,mp3,MP2/3 (MPEG audio layer 2/3),22050,1,mp3
vocab-item-096.mp3,audio_files/es-CO/vocab-item-096.mp3,ffprobe,,vocab-item-096,Levante Framework - ElevenLabs,"vocab, Vocabulary",Speech Synthesis,Valeria - Energetic & Engaging,ElevenLabs,es-CO,el muro,2025-09-03 08:59:42.111804,This file was created for the LEVANTE project and is released under a Creative Commons BY-NC-SA 4.0 license,Levante Project - ElevenLabs - Valeria - Energetic & Engaging - es-CO,2025,2025,,,,,Lavf60.16.100,47629,0.809750,4821,mp3,MP2/3 (MPEG audio layer 2/3),22050,1,mp3
vocab-item-097.mp3,audio_files/es-CO/vocab-item-097.mp3,ffprobe,,vocab-item-097,Levante Framework - ElevenLabs,"vocab, Vocabulary",Speech Synthesis,Valeria - Energetic & Engaging,ElevenLabs,es-CO,la rueda,2025-09-03 08:59:43.124004,This file was created for the LEVANTE project and is released under a Creative Commons BY-NC-SA 4.0 license,Levante Project - ElevenLabs - Valeria - Energetic & Engaging - es-CO,2025,2025,,,,,Lavf60.16.100,46257,0.888250,5136,mp3,MP2/3 (MPEG audio layer 2/3),22050,1,mp3
vocab-item-098.mp3,audio_files/es-CO/vocab-item-098.mp3,ffprobe,,vocab-item-098,Levante Framework - ElevenLabs,"vocab, Vocabulary",Speech Synthesis,Valeria - Energetic & Engaging,ElevenLabs,es-CO,la granja,2025-09-03 08:59:44.124560,This file was created for the LEVANTE project and is released under a Creative Commons BY-NC-SA 4.0 license,Levante Project - ElevenLabs - Valeria - Energetic & Engaging - es-CO,2025,2025,,,,,Lavf60.16.100,44772,0.992750,5556,mp3,MP2/3 (MPEG audio layer 2/3),22050,1,mp3
vocab-item-099.mp3,audio_files/es-CO/vocab-item-099.mp3,ffprobe,,vocab-item-099,Levante Framework - ElevenLabs,"vocab, Vocabulary",Speech Synthesis,Valeria - Energetic & Engaging,ElevenLabs,es-CO,el malabarismo,2025-09-03 08:59:45.150510,This file was created for the LEVANTE project and is released under a Creative Commons BY-NC-SA 4.0 license,Levante Project - ElevenLabs - Valeria - Energetic & Engaging - es-CO,2025,2025,,,,,Lavf60.16.100,42360,1.227750,6501,mp3,MP2/3 (MPEG audio layer 2/3),22050,1,mp3
vocab-item-100.mp3,audio_files/es-CO/vocab-item-100.mp3,ffprobe,,vocab-item-100,Levante Framework - ElevenLabs,"vocab, Vocabulary",Speech Synthesis,Valeria - Energetic & Engaging,ElevenLabs,es-CO,el aderezo,2025-09-03 08:59:46.215190,This file was created for the LEVANTE project and is released under a Creative Commons BY-NC-SA 4.0 license,Levante Project - ElevenLabs - Valeria - Energetic & Engaging - es-CO,2025,2025,,,,,Lavf60.16.100,45482,0.940500,5347,mp3,MP2/3 (MPEG audio layer 2/3),22050,1,mp3
vocab-item-101.mp3,audio_files/es-CO/vocab-item-101.mp3,ffprobe,,vocab-item-101,Levante Framework - ElevenLabs,"vocab, Vocabulary",Speech Synthesis,Valeria - Energetic & Engaging,ElevenLabs,es-CO,el techo,2025-09-03 08:59:47.311762,This file was created for the LEVANTE project and is released under a Creative Commons BY-NC-SA 4.0 license,Levante Project - ElevenLabs - Valeria - Energetic & Engaging - es-CO,2025,2025,,,,,Lavf60.16.100,46691,0.862000,5031,mp3,MP2/3 (MPEG audio layer 2/3),22050,1,mp3
vocab-item-102.mp3,audio_files/es-CO/vocab-item-102.mp3,ffprobe,,,,,,,,,,,,,,,,,,,Lavf60.16.100,128430,0.835875,13419,mp3,MP2/3 (MPEG audio layer 2/3),44100,1,mp3
vocab-item-103.mp3,audio_files/es-CO/vocab-item-103.mp3,ffprobe,,vocab-item-103,Levante Framework - ElevenLabs,"vocab, Vocabulary",Speech Synthesis,Valeria - Energetic & Engaging,ElevenLabs,es-CO,la regla,2025-09-03 08:59:49.345724,This file was created for the LEVANTE project and is released under a Creative Commons BY-NC-SA 4.0 license,Levante Project - ElevenLabs - Valeria - Energetic & Engaging - es-CO,2025,2025,,,,,Lavf60.16.100,45465,0.940500,5345,mp3,MP2/3 (MPEG audio layer 2/3),22050,1,mp3
vocab-item-104.mp3,audio_files/es-CO/vocab-item-104.mp3,ffprobe,,vocab-item-104,Levante Framework - ElevenLabs,"vocab, Vocabulary",Speech Synthesis,Valeria - Energetic & Engaging,ElevenLabs,es-CO,el túnel,2025-09-03 08:59:50.352923,This file was created for the LEVANTE project and is released under a Creative Commons BY-NC-SA 4.0 license,Levante Project - ElevenLabs - Valeria - Energetic & Engaging - es-CO,2025,2025,,,,,Lavf60.16.100,46266,0.888250,5137,mp3,MP2/3 (MPEG audio layer 2/3),22050,1,mp3
vocab-item-105.mp3,audio_files/es-CO/vocab-item-105.mp3,ffprobe,,vocab-item-105,Levante Framework - ElevenLabs,"vocab, Vocabulary",Speech Synthesis,Valeria - Energetic & Engaging,ElevenLabs,es-CO,el sobre,2025-09-03 08:59:51.359501,This file was created for the LEVANTE project and is released under a Creative Commons BY-NC-SA 4.0 license,Levante Project - ElevenLabs - Valeria - Energetic & Engaging - es-CO,2025,2025,,,,,Lavf60.16.100,46691,0.862000,5031,mp3,MP2/3 (MPEG audio layer 2/3),22050,1,mp3
vocab-item-106.mp3,audio_files/es-CO/vocab-item-106.mp3,ffprobe,,vocab-item-106,Levante Framework - ElevenLabs,"vocab, Vocabulary",Speech Synthesis,Valeria - Energetic & Engaging,ElevenLabs,es-CO,el diamante,2025-09-03 08:59:52.371302,This file was created for the LEVANTE project and is released under a Creative Commons BY-NC-SA 4.0 license,Levante Project - ElevenLabs - Valeria - Energetic & Engaging - es-CO,2025,2025,,,,,Lavf60.16.100,44788,0.992750,5558,mp3,MP2/3 (MPEG audio layer 2/3),22050,1,mp3
vocab-item-107.mp3,audio_files/es-CO/vocab-item-107.mp3,ffprobe,,vocab-item-107,Levante Framework - ElevenLabs,"vocab, Vocabulary",Speech Synthesis,Valeria - Energetic & Engaging,ElevenLabs,es-CO,el calendario,2025-09-03 08:59:53.484118,This file was created for the LEVANTE project and is released under a Creative Commons BY-NC-SA 4.0 license,Levante Project - ElevenLabs - Valeria - Energetic & Engaging - es-CO,2025,2025,,,,,Lavf60.16.100,43317,1.123250,6082,mp3,MP2/3 (MPEG audio layer 2/3),22050,1,mp3
vocab-item-108.mp3,audio_files/es-CO/vocab-item-108.mp3,ffprobe,,vocab-item-108,Levante Framework - ElevenLabs,"vocab, Vocabulary",Speech Synthesis,Valeria - Energetic & Engaging,ElevenLabs,es-CO,el panda,2025-09-03 08:59:54.468275,This file was created for the LEVANTE project and is released under a Creative Commons BY-NC-SA 4.0 license,Levante Project - ElevenLabs - Valeria - Energetic & Engaging - es-CO,2025,2025,,,,,Lavf60.16.100,45465,0.940500,5345,mp3,MP2/3 (MPEG audio layer 2/3),22050,1,mp3
vocab-item-109.mp3,audio_files/es-CO/vocab-item-109.mp3,ffprobe,,vocab-item-109,Levante Framework - ElevenLabs,"vocab, Vocabulary",Speech Synthesis,Valeria - Energetic & Engaging,ElevenLabs,es-CO,la flecha,2025-09-03 08:59:55.573051,This file was created for the LEVANTE project and is released under a Creative Commons BY-NC-SA 4.0 license,Levante Project - ElevenLabs - Valeria - Energetic & Engaging - es-CO,2025,2025,,,,,Lavf60.16.100,44772,0.992750,5556,mp3,MP2/3 (MPEG audio layer 2/3),22050,1,mp3
vocab-item-110.mp3,audio_files/es-CO/vocab-item-110.mp3,ffprobe,,vocab-item-110,Levante Framework - ElevenLabs,"vocab, Vocabulary",Speech Synthesis,Valeria - Energetic & Engaging,ElevenLabs,es-CO,cosecha,2025-09-03 08:59:56.592463,This file was created for the LEVANTE project and is released under a Creative Commons BY-NC-SA 4.0 license,Levante Project - ElevenLabs - Valeria - Energetic & Engaging - es-CO,2025,2025,,,,,Lavf60.16.100,45456,0.940500,5344,mp3,MP2/3 (MPEG audio layer 2/3),22050,1,mp3
vocab-item-111.mp3,audio_files/es-CO/vocab-item-111.mp3,ffprobe,,,,,,,,,,,,,,,,,,,Lavf60.16.100,128417,0.862000,13837,mp3,MP2/3 (MPEG audio layer 2/3),44100,1,mp3
vocab-item-112.mp3,audio_files/es-CO/vocab-item-112.mp3,ffprobe,,vocab-item-112,Levante Framework - ElevenLabs,"vocab, Vocabulary",Speech Synthesis,Valeria - Energetic & Engaging,ElevenLabs,es-CO,el caballero,2025-09-03 08:59:58.686373,This file was created for the LEVANTE project and is released under a Creative Commons BY-NC-SA 4.0 license,Levante Project - ElevenLabs - Valeria - Energetic & Engaging - es-CO,2025,2025,,,,,Lavf60.16.100,45499,0.940500,5349,mp3,MP2/3 (MPEG audio layer 2/3),22050,1,mp3
vocab-item-113.mp3,audio_files/es-CO/vocab-item-113.mp3,ffprobe,,,,,,,,,,,,,,,,,,,Lavf60.16.100,128417,0.862000,13837,mp3,MP2/3 (MPEG audio layer 2/3),44100,1,mp3
vocab-item-114.mp3,audio_files/es-CO/vocab-item-114.mp3,ffprobe,,,,,,,,,,,,,,,,,,,Lavf60.16.100,128475,0.757500,12165,mp3,MP2/3 (MPEG audio layer 2/3),44100,1,mp3
vocab-item-115.mp3,audio_files/es-CO/vocab-item-115.mp3,ffprobe,,vocab-item-115,Levante Framework - ElevenLabs,"vocab, Vocabulary",Speech Synthesis,Valeria - Energetic & Engaging,ElevenLabs,es-CO,la garra,2025-09-03 09:00:01.867717,This file was created for the LEVANTE project and is released under a Creative Commons BY-NC-SA 4.0 license,Levante Project - ElevenLabs - Valeria - Energetic & Engaging - es-CO,2025,2025,,,,,Lavf60.16.100,46257,0.888250,5136,mp3,MP2/3 (MPEG audio layer 2/3),22050,1,mp3
vocab-item-116.mp3,audio_files/es-CO/vocab-item-116.mp3,ffprobe,,vocab-item-116,Levante Framework - ElevenLabs,"vocab, Vocabulary",Speech Synthesis,Valeria - Energetic & Engaging,ElevenLabs,es-CO,el uniforme,2025-09-03 09:00:02.860917,This file was created for the LEVANTE project and is released under a Creative Commons BY-NC-SA 4.0 license,Levante Project - ElevenLabs - Valeria - Energetic & Engaging - es-CO,2025,2025,,,,,Lavf60.16.100,45490,0.940500,5348,mp3,MP2/3 (MPEG audio layer 2/3),22050,1,mp3
vocab-item-117.mp3,audio_files/es-CO/vocab-item-117.mp3,ffprobe,,,,,,,,,,,,,,,,,,,Lavf60.16.100,128459,0.783625,12583,mp3,MP2/3 (MPEG audio layer 2/3),44100,1,mp3
vocab-item-118.mp3,audio_files/es-CO/vocab-item-118.mp3,ffprobe,,vocab-item-118,Levante Framework - ElevenLabs,"vocab, Vocabulary",Speech Synthesis,Valeria - Energetic & Engaging,ElevenLabs,es-CO,el cormorán,2025-09-03 09:00:04.885202,This file was created for the LEVANTE project and is released under a Creative Commons BY-NC-SA 4.0 license,Levante Project - ElevenLabs - Valeria - Energetic & Engaging - es-CO,2025,2025,,,,,Lavf60.16.100,44796,0.992750,5559,mp3,MP2/3 (MPEG audio layer 2/3),22050,1,mp3
vocab-item-119.mp3,audio_files/es-CO/vocab-item-119.mp3,ffprobe,,vocab-item-119,Levante Framework - ElevenLabs,"vocab, Vocabulary",Speech Synthesis,Valeria - Energetic & Engaging,ElevenLabs,es-CO,traer,2025-09-03 09:00:05.990680,This file was created for the LEVANTE project and is released under a Creative Commons BY-NC-SA 4.0 license,Levante Project - ElevenLabs - Valeria - Energetic & Engaging - es-CO,2025,2025,,,,,Lavf60.16.100,47609,0.809750,4819,mp3,MP2/3 (MPEG audio layer 2/3),22050,1,mp3
vocab-item-120.mp3,audio_files/es-CO/vocab-item-120.mp3,ffprobe,,vocab-item-120,Levante Framework - ElevenLabs,"vocab, Vocabulary",Speech Synthesis,Valeria - Energetic & Engaging,ElevenLabs,es-CO,la arcada,2025-09-03 09:00:07.074392,This file was created for the LEVANTE project and is released under a Creative Commons BY-NC-SA 4.0 license,Levante Project - ElevenLabs - Valeria - Energetic & Engaging - es-CO,2025,2025,,,,,Lavf60.16.100,44772,0.992750,5556,mp3,MP2/3 (MPEG audio layer 2/3),22050,1,mp3
vocab-item-121.mp3,audio_files/es-CO/vocab-item-121.mp3,ffprobe,,vocab-item-121,Levante Framework - ElevenLabs,"vocab, Vocabulary",Speech Synthesis,Valeria - Energetic & Engaging,ElevenLabs,es-CO,el artefacto,2025-09-03 09:00:08.145791,This file was created for the LEVANTE project and is released under a Creative Commons BY-NC-SA 4.0 license,Levante Project - ElevenLabs - Valeria - Energetic & Engaging - es-CO,2025,2025,,,,,Lavf60.16.100,44156,1.045000,5768,mp3,MP2/3 (MPEG audio layer 2/3),22050,1,mp3
vocab-item-122.mp3,audio_files/es-CO/vocab-item-122.mp3,ffprobe,,vocab-item-122,Levante Framework - ElevenLabs,"vocab, Vocabulary",Speech Synthesis,Valeria - Energetic & Engaging,ElevenLabs,es-CO,aversión,2025-09-03 09:00:09.221870,This file was created for the LEVANTE project and is released under a Creative Commons BY-NC-SA 4.0 license,Levante Project - ElevenLabs - Valeria - Energetic & Engaging - es-CO,2025,2025,,,,,Lavf60.16.100,46266,0.888250,5137,mp3,MP2/3 (MPEG audio layer 2/3),22050,1,mp3
vocab-item-123.mp3,audio_files/es-CO/vocab-item-123.mp3,ffprobe,,,,,,,,,,,,,,,,,,,Lavf60.16.100,128393,0.914250,14673,mp3,MP2/3 (MPEG audio layer 2/3),44100,1,mp3
vocab-item-124.mp3,audio_files/es-CO/vocab-item-124.mp3,ffprobe,,vocab-item-124,Levante Framework - ElevenLabs,"vocab, Vocabulary",Speech Synthesis,Valeria - Energetic & Engaging,ElevenLabs,es-CO,aplaudir,2025-09-03 09:00:11.310911,This file was created for the LEVANTE project and is released under a Creative Commons BY-NC-SA 4.0 license,Levante Project - ElevenLabs - Valeria - Energetic & Engaging - es-CO,2025,2025,,,,,Lavf60.16.100,45465,0.940500,5345,mp3,MP2/3 (MPEG audio layer 2/3),22050,1,mp3
vocab-item-125.mp3,audio_files/es-CO/vocab-item-125.mp3,ffprobe,,vocab-item-125,Levante Framework - ElevenLabs,"vocab, Vocabulary",Speech Synthesis,Valeria - Energetic & Engaging,ElevenLabs,es-CO,tímido,2025-09-03 09:00:12.313553,This file was created for the LEVANTE project and is released under a Creative Commons BY-NC-SA 4.0 license,Levante Project - ElevenLabs - Valeria - Energetic & Engaging - es-CO,2025,2025,,,,,Lavf60.16.100,46682,0.862000,5030,mp3,MP2/3 (MPEG audio layer 2/3),22050,1,mp3
vocab-item-126.mp3,audio_files/es-CO/vocab-item-126.mp3,ffprobe,,vocab-item-126,Levante Framework - ElevenLabs,"vocab, Vocabulary",Speech Synthesis,Valeria - Energetic & Engaging,ElevenLabs,es-CO,el campamento,2025-09-03 09:00:13.373350,This file was created for the LEVANTE project and is released under a Creative Commons BY-NC-SA 4.0 license,Levante Project - ElevenLabs - Valeria - Energetic & Engaging - es-CO,2025,2025,,,,,Lavf60.16.100,43585,1.097250,5978,mp3,MP2/3 (MPEG audio layer 2/3),22050,1,mp3
vocab-item-127.mp3,audio_files/es-CO/vocab-item-127.mp3,ffprobe,,vocab-item-127,Levante Framework - ElevenLabs,"vocab, Vocabulary",Speech Synthesis,Valeria - Energetic & Engaging,ElevenLabs,es-CO,caída,2025-09-03 09:00:14.371427,This file was created for the LEVANTE project and is released under a Creative Commons BY-NC-SA 4.0 license,Levante Project - ElevenLabs - Valeria - Energetic & Engaging - es-CO,2025,2025,,,,,Lavf60.16.100,46672,0.862000,5029,mp3,MP2/3 (MPEG audio layer 2/3),22050,1,mp3
vocab-item-128.mp3,audio_files/es-CO/vocab-item-128.mp3,ffprobe,,vocab-item-128,Levante Framework - ElevenLabs,"vocab, Vocabulary",Speech Synthesis,Valeria - Energetic & Engaging,ElevenLabs,es-CO,concéntrico,2025-09-03 09:00:15.382939,This file was created for the LEVANTE project and is released under a Creative Commons BY-NC-SA 4.0 license,Levante Project - ElevenLabs - Valeria - Energetic & Engaging - es-CO,2025,2025,,,,,Lavf60.16.100,43578,1.097250,5977,mp3,MP2/3 (MPEG audio layer 2/3),22050,1,mp3
vocab-item-129.mp3,audio_files/es-CO/vocab-item-129.mp3,ffprobe,,vocab-item-129,Levante Framework - ElevenLabs,"vocab, Vocabulary",Speech Synthesis,Valeria - Energetic & Engaging,ElevenLabs,es-CO,la confitería,2025-09-03 09:00:16.500592,This file was created for the LEVANTE project and is released under a Creative Commons BY-NC-SA 4.0 license,Levante Project - ElevenLabs - Valeria - Energetic & Engaging - es-CO,2025,2025,,,,,Lavf60.16.100,42360,1.227750,6501,mp3,MP2/3 (MPEG audio layer 2/3),22050,1,mp3
vocab-item-130.mp3,audio_files/es-CO/vocab-item-130.mp3,ffprobe,,vocab-item-130,Levante Framework - ElevenLabs,"vocab, Vocabulary",Speech Synthesis,Valeria - Energetic & Engaging,ElevenLabs,es-CO,el costurero,2025-09-03 09:00:17.511527,This file was created for the LEVANTE project and is released under a Creative Commons BY-NC-SA 4.0 license,Levante Project - ElevenLabs - Valeria - Energetic & Engaging - es-CO,2025,2025,,,,,Lavf60.16.100,44156,1.045000,5768,mp3,MP2/3 (MPEG audio layer 2/3),22050,1,mp3
vocab-item-131.mp3,audio_files/es-CO/vocab-item-131.mp3,ffprobe,,vocab-item-131,Levante Framework - ElevenLabs,"vocab, Vocabulary",Speech Synthesis,Valeria - Energetic & Engaging,ElevenLabs,es-CO,disminución,2025-09-03 09:00:18.584048,This file was created for the LEVANTE project and is released under a Creative Commons BY-NC-SA 4.0 license,Levante Project - ElevenLabs - Valeria - Energetic & Engaging - es-CO,2025,2025,,,,,Lavf60.16.100,44796,0.992750,5559,mp3,MP2/3 (MPEG audio layer 2/3),22050,1,mp3
vocab-item-132.mp3,audio_files/es-CO/vocab-item-132.mp3,ffprobe,,vocab-item-132,Levante Framework - ElevenLabs,"vocab, Vocabulary",Speech Synthesis,Valeria - Energetic & Engaging,ElevenLabs,es-CO,el diván,2025-09-03 09:00:19.561708,This file was created for the LEVANTE project and is released under a Creative Commons BY-NC-SA 4.0 license,Levante Project - ElevenLabs - Valeria - Energetic & Engaging - es-CO,2025,2025,,,,,Lavf60.16.100,46266,0.888250,5137,mp3,MP2/3 (MPEG audio layer 2/3),22050,1,mp3
vocab-item-133.mp3,audio_files/es-CO/vocab-item-133.mp3,ffprobe,,vocab-item-133,Levante Framework - ElevenLabs,"vocab, Vocabulary",Speech Synthesis,Valeria - Energetic & Engaging,ElevenLabs,es-CO,el humedal,2025-09-03 09:00:20.612799,This file was created for the LEVANTE project and is released under a Creative Commons BY-NC-SA 4.0 license,Levante Project - ElevenLabs - Valeria - Energetic & Engaging - es-CO,2025,2025,,,,,Lavf60.16.100,45482,0.940500,5347,mp3,MP2/3 (MPEG audio layer 2/3),22050,1,mp3
vocab-item-134.mp3,audio_files/es-CO/vocab-item-134.mp3,ffprobe,,vocab-item-134,Levante Framework - ElevenLabs,"vocab, Vocabulary",Speech Synthesis,Valeria - Energetic & Engaging,ElevenLabs,es-CO,la ventana salediza,2025-09-03 09:00:21.665450,This file was created for the LEVANTE project and is released under a Creative Commons BY-NC-SA 4.0 license,Levante Project - ElevenLabs - Valeria - Energetic & Engaging - es-CO,2025,2025,,,,,Lavf60.16.100,41052,1.410500,7238,mp3,MP2/3 (MPEG audio layer 2/3),22050,1,mp3
vocab-item-135.mp3,audio_files/es-CO/vocab-item-135.mp3,ffprobe,,vocab-item-135,Levante Framework - ElevenLabs,"vocab, Vocabulary",Speech Synthesis,Valeria - Energetic & Engaging,ElevenLabs,es-CO,el esteta,2025-09-03 09:00:22.690033,This file was created for the LEVANTE project and is released under a Creative Commons BY-NC-SA 4.0 license,Levante Project - ElevenLabs - Valeria - Energetic & Engaging - es-CO,2025,2025,,,,,Lavf60.16.100,44772,0.992750,5556,mp3,MP2/3 (MPEG audio layer 2/3),22050,1,mp3
vocab-item-136.mp3,audio_files/es-CO/vocab-item-136.mp3,ffprobe,,,,,,,,,,,,,,,,,,,Lavf60.16.100,128417,0.862000,13837,mp3,MP2/3 (MPEG audio layer 2/3),44100,1,mp3
vocab-item-137.mp3,audio_files/es-CO/vocab-item-137.mp3,ffprobe,,vocab-item-137,Levante Framework - ElevenLabs,"vocab, Vocabulary",Speech Synthesis,Valeria - Energetic & Engaging,ElevenLabs,es-CO,desvencijado,2025-09-03 09:00:24.808251,This file was created for the LEVANTE project and is released under a Creative Commons BY-NC-SA 4.0 license,Levante Project - ElevenLabs - Valeria - Energetic & Engaging - es-CO,2025,2025,,,,,Lavf60.16.100,43310,1.123250,6081,mp3,MP2/3 (MPEG audio layer 2/3),22050,1,mp3
vocab-item-138.mp3,audio_files/es-CO/vocab-item-138.mp3,ffprobe,,,,,,,,,,,,,,,,,,,Lavf60.16.100,128530,0.679125,10911,mp3,MP2/3 (MPEG audio layer 2/3),44100,1,mp3
vocab-item-139.mp3,audio_files/es-CO/vocab-item-139.mp3,ffprobe,,,,,,,,,,,,,,,,,,,Lavf60.16.100,128313,1.149375,18435,mp3,MP2/3 (MPEG audio layer 2/3),44100,1,mp3
vocab-item-140.mp3,audio_files/es-CO/vocab-item-140.mp3,ffprobe,,vocab-item-140,Levante Framework - ElevenLabs,"vocab, Vocabulary",Speech Synthesis,Valeria - Energetic & Engaging,ElevenLabs,es-CO,la fachada,2025-09-03 09:00:27.874625,This file was created for the LEVANTE project and is released under a Creative Commons BY-NC-SA 4.0 license,Levante Project - ElevenLabs - Valeria - Energetic & Engaging - es-CO,2025,2025,,,,,Lavf60.16.100,44780,0.992750,5557,mp3,MP2/3 (MPEG audio layer 2/3),22050,1,mp3
vocab-item-141.mp3,audio_files/es-CO/vocab-item-141.mp3,ffprobe,,vocab-item-141,Levante Framework - ElevenLabs,"vocab, Vocabulary",Speech Synthesis,Valeria - Energetic & Engaging,ElevenLabs,es-CO,la pendiente,2025-09-03 09:00:28.940455,This file was created for the LEVANTE project and is released under a Creative Commons BY-NC-SA 4.0 license,Levante Project - ElevenLabs - Valeria - Energetic & Engaging - es-CO,2025,2025,,,,,Lavf60.16.100,43310,1.123250,6081,mp3,MP2/3 (MPEG audio layer 2/3),22050,1,mp3
vocab-item-142.mp3,audio_files/es-CO/vocab-item-142.mp3,ffprobe,,vocab-item-142,Levante Framework - ElevenLabs,"vocab, Vocabulary",Speech Synthesis,Valeria - Energetic & Engaging,ElevenLabs,es-CO,el hábito,2025-09-03 09:00:30.004815,This file was created for the LEVANTE project and is released under a Creative Commons BY-NC-SA 4.0 license,Levante Project - ElevenLabs - Valeria - Energetic & Engaging - es-CO,2025,2025,,,,,Lavf60.16.100,46275,0.888250,5138,mp3,MP2/3 (MPEG audio layer 2/3),22050,1,mp3
vocab-item-143.mp3,audio_files/es-CO/vocab-item-143.mp3,ffprobe,,vocab-item-143,Levante Framework - ElevenLabs,"vocab, Vocabulary",Speech Synthesis,Valeria - Energetic & Engaging,ElevenLabs,es-CO,la intersección,2025-09-03 09:00:31.047736,This file was created for the LEVANTE project and is released under a Creative Commons BY-NC-SA 4.0 license,Levante Project - ElevenLabs - Valeria - Energetic & Engaging - es-CO,2025,2025,,,,,Lavf60.16.100,42373,1.227750,6503,mp3,MP2/3 (MPEG audio layer 2/3),22050,1,mp3
vocab-item-144.mp3,audio_files/es-CO/vocab-item-144.mp3,ffprobe,,vocab-item-144,Levante Framework - ElevenLabs,"vocab, Vocabulary",Speech Synthesis,Valeria - Energetic & Engaging,ElevenLabs,es-CO,la irrigación,2025-09-03 09:00:32.064144,This file was created for the LEVANTE project and is released under a Creative Commons BY-NC-SA 4.0 license,Levante Project - ElevenLabs - Valeria - Energetic & Engaging - es-CO,2025,2025,,,,,Lavf60.16.100,43592,1.097250,5979,mp3,MP2/3 (MPEG audio layer 2/3),22050,1,mp3
vocab-item-145.mp3,audio_files/es-CO/vocab-item-145.mp3,ffprobe,,vocab-item-145,Levante Framework - ElevenLabs,"vocab, Vocabulary",Speech Synthesis,Valeria - Energetic & Engaging,ElevenLabs,es-CO,el kazoo,2025-09-03 09:00:33.135307,This file was created for the LEVANTE project and is released under a Creative Commons BY-NC-SA 4.0 license,Levante Project - ElevenLabs - Valeria - Energetic & Engaging - es-CO,2025,2025,,,,,Lavf60.16.100,47639,0.809750,4822,mp3,MP2/3 (MPEG audio layer 2/3),22050,1,mp3
vocab-item-146.mp3,audio_files/es-CO/vocab-item-146.mp3,ffprobe,,vocab-item-146,Levante Framework - ElevenLabs,"vocab, Vocabulary",Speech Synthesis,Valeria - Energetic & Engaging,ElevenLabs,es-CO,conversar,2025-09-03 09:00:34.173696,This file was created for the LEVANTE project and is released under a Creative Commons BY-NC-SA 4.0 license,Levante Project - ElevenLabs - Valeria - Energetic & Engaging - es-CO,2025,2025,,,,,Lavf60.16.100,45473,0.940500,5346,mp3,MP2/3 (MPEG audio layer 2/3),22050,1,mp3
vocab-item-147.mp3,audio_files/es-CO/vocab-item-147.mp3,ffprobe,,vocab-item-147,Levante Framework - ElevenLabs,"vocab, Vocabulary",Speech Synthesis,Valeria - Energetic & Engaging,ElevenLabs,es-CO,la colonia,2025-09-03 09:00:35.192629,This file was created for the LEVANTE project and is released under a Creative Commons BY-NC-SA 4.0 license,Levante Project - ElevenLabs - Valeria - Energetic & Engaging - es-CO,2025,2025,,,,,Lavf60.16.100,44780,0.992750,5557,mp3,MP2/3 (MPEG audio layer 2/3),22050,1,mp3
vocab-item-148.mp3,audio_files/es-CO/vocab-item-148.mp3,ffprobe,,vocab-item-148,Levante Framework - ElevenLabs,"vocab, Vocabulary",Speech Synthesis,Valeria - Energetic & Engaging,ElevenLabs,es-CO,conservar,2025-09-03 09:00:36.229017,This file was created for the LEVANTE project and is released under a Creative Commons BY-NC-SA 4.0 license,Levante Project - ElevenLabs - Valeria - Energetic & Engaging - es-CO,2025,2025,,,,,Lavf60.16.100,44772,0.992750,5556,mp3,MP2/3 (MPEG audio layer 2/3),22050,1,mp3
vocab-item-149.mp3,audio_files/es-CO/vocab-item-149.mp3,ffprobe,,vocab-item-149,Levante Framework - ElevenLabs,"vocab, Vocabulary",Speech Synthesis,Valeria - Energetic & Engaging,ElevenLabs,es-CO,el toldo,2025-09-03 09:00:37.369849,This file was created for the LEVANTE project and is released under a Creative Commons BY-NC-SA 4.0 license,Levante Project - ElevenLabs - Valeria - Energetic & Engaging - es-CO,2025,2025,,,,,Lavf60.16.100,47639,0.809750,4822,mp3,MP2/3 (MPEG audio layer 2/3),22050,1,mp3
vocab-item-150.mp3,audio_files/es-CO/vocab-item-150.mp3,ffprobe,,,,,,,,,,,,,,,,,,,Lavf60.16.100,128336,1.071000,17181,mp3,MP2/3 (MPEG audio layer 2/3),44100,1,mp3
vocab-item-151.mp3,audio_files/es-CO/vocab-item-151.mp3,ffprobe,,vocab-item-151,Levante Framework - ElevenLabs,"vocab, Vocabulary",Speech Synthesis,Valeria - Energetic & Engaging,ElevenLabs,es-CO,el metrónomo,2025-09-03 09:00:39.537187,This file was created for the LEVANTE project and is released under a Creative Commons BY-NC-SA 4.0 license,Levante Project - ElevenLabs - Valeria - Energetic & Engaging - es-CO,2025,2025,,,,,Lavf60.16.100,44164,1.045000,5769,mp3,MP2/3 (MPEG audio layer 2/3),22050,1,mp3
vocab-item-152.mp3,audio_files/es-CO/vocab-item-152.mp3,ffprobe,,vocab-item-152,Levante Framework - ElevenLabs,"vocab, Vocabulary",Speech Synthesis,Valeria - Energetic & Engaging,ElevenLabs,es-CO,el paleontólogo,2025-09-03 09:00:42.429281,This file was created for the LEVANTE project and is released under a Creative Commons BY-NC-SA 4.0 license,Levante Project - ElevenLabs - Valeria - Energetic & Engaging - es-CO,2025,2025,,,,,Lavf60.16.100,43338,1.123250,6085,mp3,MP2/3 (MPEG audio layer 2/3),22050,1,mp3
vocab-item-153.mp3,audio_files/es-CO/vocab-item-153.mp3,ffprobe,,vocab-item-153,Levante Framework - ElevenLabs,"vocab, Vocabulary",Speech Synthesis,Valeria - Energetic & Engaging,ElevenLabs,es-CO,la percusión,2025-09-03 09:00:43.439855,This file was created for the LEVANTE project and is released under a Creative Commons BY-NC-SA 4.0 license,Levante Project - ElevenLabs - Valeria - Energetic & Engaging - es-CO,2025,2025,,,,,Lavf60.16.100,43317,1.123250,6082,mp3,MP2/3 (MPEG audio layer 2/3),22050,1,mp3
vocab-item-154.mp3,audio_files/es-CO/vocab-item-154.mp3,ffprobe,,vocab-item-154,Levante Framework - ElevenLabs,"vocab, Vocabulary",Speech Synthesis,Valeria - Energetic & Engaging,ElevenLabs,es-CO,la posterior,2025-09-03 09:00:44.446669,This file was created for the LEVANTE project and is released under a Creative Commons BY-NC-SA 4.0 license,Levante Project - ElevenLabs - Valeria - Energetic & Engaging - es-CO,2025,2025,,,,,Lavf60.16.100,43578,1.097250,5977,mp3,MP2/3 (MPEG audio layer 2/3),22050,1,mp3
vocab-item-155.mp3,audio_files/es-CO/vocab-item-155.mp3,ffprobe,,vocab-item-155,Levante Framework - ElevenLabs,"vocab, Vocabulary",Speech Synthesis,Valeria - Energetic & Engaging,ElevenLabs,es-CO,precario,2025-09-03 09:00:45.481823,This file was created for the LEVANTE project and is released under a Creative Commons BY-NC-SA 4.0 license,Levante Project - ElevenLabs - Valeria - Energetic & Engaging - es-CO,2025,2025,,,,,Lavf60.16.100,46257,0.888250,5136,mp3,MP2/3 (MPEG audio layer 2/3),22050,1,mp3
vocab-item-156.mp3,audio_files/es-CO/vocab-item-156.mp3,ffprobe,,vocab-item-156,Levante Framework - ElevenLabs,"vocab, Vocabulary",Speech Synthesis,Valeria - Energetic & Engaging,ElevenLabs,es-CO,el quiosco,2025-09-03 09:00:46.519883,This file was created for the LEVANTE project and is released under a Creative Commons BY-NC-SA 4.0 license,Levante Project - ElevenLabs - Valeria - Energetic & Engaging - es-CO,2025,2025,,,,,Lavf60.16.100,46275,0.888250,5138,mp3,MP2/3 (MPEG audio layer 2/3),22050,1,mp3
vocab-item-157.mp3,audio_files/es-CO/vocab-item-157.mp3,ffprobe,,vocab-item-157,Levante Framework - ElevenLabs,"vocab, Vocabulary",Speech Synthesis,Valeria - Energetic & Engaging,ElevenLabs,es-CO,resucitación,2025-09-03 09:00:47.536936,This file was created for the LEVANTE project and is released under a Creative Commons BY-NC-SA 4.0 license,Levante Project - ElevenLabs - Valeria - Energetic & Engaging - es-CO,2025,2025,,,,,Lavf60.16.100,42814,1.175500,6291,mp3,MP2/3 (MPEG audio layer 2/3),22050,1,mp3
vocab-item-158.mp3,audio_files/es-CO/vocab-item-158.mp3,ffprobe,,vocab-item-158,Levante Framework - ElevenLabs,"vocab, Vocabulary",Speech Synthesis,Valeria - Energetic & Engaging,ElevenLabs,es-CO,el rosetón,2025-09-03 09:00:48.581984,This file was created for the LEVANTE project and is released under a Creative Commons BY-NC-SA 4.0 license,Levante Project - ElevenLabs - Valeria - Energetic & Engaging - es-CO,2025,2025,,,,,Lavf60.16.100,44149,1.045000,5767,mp3,MP2/3 (MPEG audio layer 2/3),22050,1,mp3
vocab-item-159.mp3,audio_files/es-CO/vocab-item-159.mp3,ffprobe,,vocab-item-159,Levante Framework - ElevenLabs,"vocab, Vocabulary",Speech Synthesis,Valeria - Energetic & Engaging,ElevenLabs,es-CO,el azafrán,2025-09-03 09:00:49.561986,This file was created for the LEVANTE project and is released under a Creative Commons BY-NC-SA 4.0 license,Levante Project - ElevenLabs - Valeria - Energetic & Engaging - es-CO,2025,2025,,,,,Lavf60.16.100,45490,0.940500,5348,mp3,MP2/3 (MPEG audio layer 2/3),22050,1,mp3
vocab-item-160.mp3,audio_files/es-CO/vocab-item-160.mp3,ffprobe,,vocab-item-160,Levante Framework - ElevenLabs,"vocab, Vocabulary",Speech Synthesis,Valeria - Energetic & Engaging,ElevenLabs,es-CO,travieso,2025-09-03 09:00:50.763418,This file was created for the LEVANTE project and is released under a Creative Commons BY-NC-SA 4.0 license,Levante Project - ElevenLabs - Valeria - Energetic & Engaging - es-CO,2025,2025,,,,,Lavf60.16.100,45465,0.940500,5345,mp3,MP2/3 (MPEG audio layer 2/3),22050,1,mp3
vocab-item-161.mp3,audio_files/es-CO/vocab-item-161.mp3,ffprobe,,,,,,,,,,,,,,,,,,,Lavf60.16.100,128255,1.410563,22614,mp3,MP2/3 (MPEG audio layer 2/3),44100,1,mp3
vocab-item-162.mp3,audio_files/es-CO/vocab-item-162.mp3,ffprobe,,vocab-item-162,Levante Framework - ElevenLabs,"vocab, Vocabulary",Speech Synthesis,Valeria - Energetic & Engaging,ElevenLabs,es-CO,sedentario,2025-09-03 09:00:52.926083,This file was created for the LEVANTE project and is released under a Creative Commons BY-NC-SA 4.0 license,Levante Project - ElevenLabs - Valeria - Energetic & Engaging - es-CO,2025,2025,,,,,Lavf60.16.100,44141,1.045000,5766,mp3,MP2/3 (MPEG audio layer 2/3),22050,1,mp3
vocab-item-163.mp3,audio_files/es-CO/vocab-item-163.mp3,ffprobe,,vocab-item-163,Levante Framework - ElevenLabs,"vocab, Vocabulary",Speech Synthesis,Valeria - Energetic & Engaging,ElevenLabs,es-CO,la gamuza,2025-09-03 09:00:54.000017,This file was created for the LEVANTE project and is released under a Creative Commons BY-NC-SA 4.0 license,Levante Project - ElevenLabs - Valeria - Energetic & Engaging - es-CO,2025,2025,,,,,Lavf60.16.100,46266,0.888250,5137,mp3,MP2/3 (MPEG audio layer 2/3),22050,1,mp3
vocab-item-164.mp3,audio_files/es-CO/vocab-item-164.mp3,ffprobe,,vocab-item-164,Levante Framework - ElevenLabs,"vocab, Vocabulary",Speech Synthesis,Valeria - Energetic & Engaging,ElevenLabs,es-CO,el torniquete,2025-09-03 09:00:55.076475,This file was created for the LEVANTE project and is released under a Creative Commons BY-NC-SA 4.0 license,Levante Project - ElevenLabs - Valeria - Energetic & Engaging - es-CO,2025,2025,,,,,Lavf60.16.100,43317,1.123250,6082,mp3,MP2/3 (MPEG audio layer 2/3),22050,1,mp3
vocab-item-165.mp3,audio_files/es-CO/vocab-item-165.mp3,ffprobe,,vocab-item-165,Levante Framework - ElevenLabs,"vocab, Vocabulary",Speech Synthesis,Valeria - Energetic & Engaging,ElevenLabs,es-CO,la tríada,2025-09-03 09:00:56.222786,This file was created for the LEVANTE project and is released under a Creative Commons BY-NC-SA 4.0 license,Levante Project - ElevenLabs - Valeria - Energetic & Engaging - es-CO,2025,2025,,,,,Lavf60.16.100,45482,0.940500,5347,mp3,MP2/3 (MPEG audio layer 2/3),22050,1,mp3
vocab-item-166.mp3,audio_files/es-CO/vocab-item-166.mp3,ffprobe,,vocab-item-166,Levante Framework - ElevenLabs,"vocab, Vocabulary",Speech Synthesis,Valeria - Energetic & Engaging,ElevenLabs,es-CO,dragado,2025-09-03 09:00:57.246480,This file was created for the LEVANTE project and is released under a Creative Commons BY-NC-SA 4.0 license,Levante Project - ElevenLabs - Valeria - Energetic & Engaging - es-CO,2025,2025,,,,,Lavf60.16.100,45456,0.940500,5344,mp3,MP2/3 (MPEG audio layer 2/3),22050,1,mp3
vocab-item-167.mp3,audio_files/es-CO/vocab-item-167.mp3,ffprobe,,vocab-item-167,Levante Framework - ElevenLabs,"vocab, Vocabulary",Speech Synthesis,Valeria - Energetic & Engaging,ElevenLabs,es-CO,urbano,2025-09-03 09:00:58.254958,This file was created for the LEVANTE project and is released under a Creative Commons BY-NC-SA 4.0 license,Levante Project - ElevenLabs - Valeria - Energetic & Engaging - es-CO,2025,2025,,,,,Lavf60.16.100,46239,0.888250,5134,mp3,MP2/3 (MPEG audio layer 2/3),22050,1,mp3
vocab-item-168.mp3,audio_files/es-CO/vocab-item-168.mp3,ffprobe,,vocab-item-168,Levante Framework - ElevenLabs,"vocab, Vocabulary",Speech Synthesis,Valeria - Energetic & Engaging,ElevenLabs,es-CO,el vapor,2025-09-03 09:00:59.355020,This file was created for the LEVANTE project and is released under a Creative Commons BY-NC-SA 4.0 license,Levante Project - ElevenLabs - Valeria - Energetic & Engaging - es-CO,2025,2025,,,,,Lavf60.16.100,47639,0.809750,4822,mp3,MP2/3 (MPEG audio layer 2/3),22050,1,mp3
vocab-item-169.mp3,audio_files/es-CO/vocab-item-169.mp3,ffprobe,,vocab-item-169,Levante Framework - ElevenLabs,"vocab, Vocabulary",Speech Synthesis,Valeria - Energetic & Engaging,ElevenLabs,es-CO,la vértebra,2025-09-03 09:01:00.357903,This file was created for the LEVANTE project and is released under a Creative Commons BY-NC-SA 4.0 license,Levante Project - ElevenLabs - Valeria - Energetic & Engaging - es-CO,2025,2025,,,,,Lavf60.16.100,44796,0.992750,5559,mp3,MP2/3 (MPEG audio layer 2/3),22050,1,mp3
vocab-item-170.mp3,audio_files/es-CO/vocab-item-170.mp3,ffprobe,,vocab-item-170,Levante Framework - ElevenLabs,"vocab, Vocabulary",Speech Synthesis,Valeria - Energetic & Engaging,ElevenLabs,es-CO,el vendaje,2025-09-03 09:01:01.528666,This file was created for the LEVANTE project and is released under a Creative Commons BY-NC-SA 4.0 license,Levante Project - ElevenLabs - Valeria - Energetic & Engaging - es-CO,2025,2025,,,,,Lavf60.16.100,45482,0.940500,5347,mp3,MP2/3 (MPEG audio layer 2/3),22050,1,mp3
vocab-item-171.mp3,audio_files/es-CO/vocab-item-171.mp3,ffprobe,,,,,,,,,,,,,,,,,,,Lavf60.16.100,128191,1.880813,30138,mp3,MP2/3 (MPEG audio layer 2/3),44100,1,mp3
