,item_id,labels,en,es-CO,de,context
0,general-intro1,general,Hi! We are excited to have you play some games with us today!,¡Hola! ¡Estamos encantados de que juegues hoy con nosotros!,,"general-intro1
Final es-co & de translation review complete"
1,general-intro2,general,"First, you get to choose a buddy to play along with you. As you complete the different games, you will get to pick an accessory like a hat or glasses to decorate your buddy.","En primer lugar, tienes que elegir a un amigo para que juegue contigo. A medida que completes los diferentes juegos, podrás elegir un accesorio como un sombrero o unas gafas para decorar a tu amigo.","Zuerst kannst du einen Spielpartner auswählen, der die Spiele zusammen mit dir spielt. Nach jedem Spiel darfst du dir eine Sache aussuchen, zum Beispiel einen Hut oder eine Brille, die dein Spielpartner dann aufsetzen oder anziehen kann.","general-intro2
Final es-co & de translation review complete"
2,pick-buddy,general,Pick a buddy to play with!,¡Escoge un amigo para jugar!,Wähle einen Freund zum Mitspielen!,"pick-buddy
Final es-co & de translation review complete. 
When implemented, confirm this phrasing makes sense with the visuals, selection method, etc."
3,general-intro3,general,"Now that you have your buddy, we want to explain how the games work.","Ahora que ya tienes a tu amigo, queremos explicarte cómo funcionan los juegos.","Super, jetzt hast du deinen Spielpartner! Jetzt wollen wir dir erklären, wie die Spiele funktionieren.","general-intro3
Final es-co & de translation review complete"
4,general-intro4,general,"During the games you will need to listen to instructions so make sure your speakers are on and the volume is the way you like it. If you need to hear the instructions again, you can click the speaker button up in the corner of your screen.","Durante los juegos tendrás que escuchar las instrucciones, así que asegúrate de que los altavoces están encendidos y el volumen está a tu gusto. Si necesitas volver a escuchar las instrucciones, presiona el botón del altavoz situado en la esquina superior de la pantalla.","Während der Spiele wirst du Anweisungen hören. Achte also darauf, dass deine Lautsprecher eingeschaltet sind und die Lautstärke für dich angenehm ist. Wenn du die Anweisungen noch einmal hören möchtest, kannst du auf die Lautsprechertaste oben in der Ecke deines Bildschirms klicken.","general-intro4
Final es-co & de translation review complete"
5,general-intro5,general,"You can choose your answers in different ways depending on the type of tablet or computer you are using. You can use a mouse or touchpad to click your choice, you can use the arrow keys on your keyboard, or you can touch your screen if you are using a tablet. You can pick the way that works best for you.

If you have any questions or need help getting started, please ask the adult who is nearby to help you. ","Puedes elegir tus respuestas de diferentes maneras dependiendo del tipo de tableta u ordenador que estés utilizando. Puedes utilizar un ratón o un panel táctil para hacer clic en tu elección, puedes utilizar las teclas de flecha del teclado o puedes tocar la pantalla si utilizas una tableta. Puedes elegir la forma que más te convenga.

Si tienes alguna duda o necesitas ayuda para empezar, pide ayuda al adulto que esté cerca.","Je nach Art des Tablets oder Computers, den du verwendest, kannst du deine Antworten auf unterschiedliche Weise auswählen. Du kannst eine Maus oder ein Touchpad benutzen, um etwas anzuklicken, du kannst die Pfeiltasten auf deiner Tastatur benutzen oder du kannst deinen Bildschirm berühren, wenn du ein Tablet benutzt. Du kannst die Methode wählen, die für dich am besten geeignet ist.

Wenn du Fragen hast oder zum Starten Hilfe brauchst, bitte einen Erwachsenen in deiner Nähe, dir zu helfen. ","general-intro5
Final es-co & de translation review complete"
6,task-finished,general,You've completed the game. Thank you!,Has completado el juego. ¡Gracias!,You've completed the game. Thank you!,"task-finished
Final es-co & de translation review complete"
7,continue-button-text,general,OK,OK,OK,"continue-button-text
Final es-co & de translation review complete"
8,close-button-text,general,Close,Cerrar,Close,"close-button-text
Final es-co & de translation review complete"
9,general-footer,general,Click the button below or press <b>ANY KEY</b> to continue,Haz clic en el botón abajo o presiona <b>CUALQUIER TECLA</b> para continuar,Click the button below or press <b>ANY KEY</b> to continue,"general-footer
Final es-co translation review complete.
For DE confirm wording - send screen shot to DE "
10,instructions,general,instructions,instrucciones,instructions,"instructions
Final es-co & de translation review complete"
11,general-encourage,general,Keep Going!,¡Sigue adelante!,Keep Going!,"general-encourage
Final es-co & de translation review complete"
12,feedbackCorrect,general,Great! That's right.,¡Genial! Eso es correcto.,Great! That's right.,"feedbackCorrect
Final es-co & de translation review complete"
13,feedback-try-again,general,Please try again!,¡Inténtalo de nuevo!,Versuch es noch einmal!,"feedback-try-again
Final es-co & de translation review complete"
14,feedback-good-job,general,Good job!,¡Bien hecho!,Gut gemacht!,"feedback-good-job
Final es-co & de translation review complete"
15,feedback-nice-work,general,Nice work!,¡Muy bien!,Sehr gut!,"feedback-nice-work
Final es-co & de translation review complete"
16,replay-button,general,Press the speaker button if you want the question repeated.,Presiona el botón del altavoz si deseas que se repita la pregunta.,"Klick auf die Wiederholungstaste, wenn du die Frage nochmal hören willst.","replay-button
Final es-co translation review complete.
For DE confirm ""repeat button"" translation is specific enough"
17,general-fullscreen,general,Switch to full screen mode,Cambiar al modo de pantalla completa,Wechseln Sie in den Vollbildmodus,"general-fullscreen
Final es-co & de translation review complete"
18,general-repeat-instructions,general,Looks like this is a little tricky! Let’s review the instructions.,¡Parece que esto es un poco complicado! Repasemos las instrucciones.,"Sieht so aus, als wäre das etwas knifflig! Sehen wir uns die Anweisungen noch einmal an.","general-repeat-instructions
"
19,general-keyboard-instructions,general,"If you want to use your keyboard to answer a question, press the arrow key shown next to your choice.","Si quieres usar el teclado para responder una pregunta, haz click en la flecha que ves al lado de la opción que quieres seleccionar.","Wenn Sie Ihre Tastatur zum Beantworten einer Frage verwenden möchten, drücken Sie die Pfeiltaste neben Ihrer Auswahl.","general-keyboard-instructions
"
20,intro-finished,general,You've finished the instructions. Thank you!,Has terminado las instrucciones. ¡Gracias!,Sie haben die Anleitung beendet. Ich danke Ihnen!,"intro-finished
"
21,general-exit,general,Exit,Salir,Exit,"general-exit
Final es-co & de translation review complete"
22,task-completion,general,You've finished this game. Thank you!,Has terminado este juego. ¡Gracias!,You've finished this game. Thank you!,"task-completion
Final es-co & de translation review complete"
23,matrix-reasoning-instruct1,matrix-reasoning,"We’re going to show you a puzzle, and your job is to pick the best piece to complete the puzzle. Let's get started!",Vamos a mostrarte un rompecabezas. Tu tarea es elegir la mejor pieza para completarlo. ¡Empecemos!,"Wir zeigen dir ein Puzzle, und deine Aufgabe ist es, das beste Teil zu finden, um das Puzzle zu vervollständigen. Los geht's!","matrix-reasoning-instruct1
Es-co complete, de still needs review."
24,matrix-reasoning-instruct2,matrix-reasoning,See this big puzzle? It's missing a piece! Which piece goes in the puzzle?,¿Ves este gran rompecabezas? Le falta una pieza. ¿Cuál pieza va en el rompecabezas?,Siehst du dieses große Puzzle? Es fehlt ein Teil! Welches Teil gehört in das Puzzle?,"matrix-reasoning-instruct2
Es-co complete, de still needs review."
25,matrix-reasoning-prompt1,matrix-reasoning,Choose the best pattern to fill in the blank.,Escoge el mejor patrón para llenar el espacio en blanco.,"Wähle das beste Muster, um die Lücke zu füllen.","matrix-reasoning-prompt1
Es-co complete, de still needs review."
26,mental-rotation,mental-rotation,Do you see these two outlines? One goes with this shape. Let’s see which one goes with the shape.,¿Ves estas dos siluetas? Una va con esta figura. Veamos cuál va con la figura.,"Siehst du diese beiden Schatten? Einer passt zu der Form. Lass uns schauen, welcher zur Form passt.","mental-rotation
Final es-co & de translation review complete"
27,mental-rotation-training-instruct2,mental-rotation,Let's see if this shape goes with the outline. This shape doesn’t go with the outline.,Veamos si esta figura va con la silueta. Esta figura no va con la silueta.,"Mal sehen, ob diese Form zu dem Schatten passt. Diese Form passt nicht zum Schatten.","mental-rotation-training-instruct2
Final es-co & de translation review complete"
28,mental-rotation-training-instruct3,mental-rotation,Let's see if this shape goes with the outline. This shape does go with the outline.,Veamos si esta figura va con la silueta. Esta figura sí va con la silueta.,"Mal sehen, ob diese Form zu dem Schatten passt. Diese Form passt zu dem Schatten.","mental-rotation-training-instruct3
Final es-co & de translation review complete"
29,mental-rotation-test-instruct4,mental-rotation,Now you try! Can you find the shape that goes with the outline?,"¡Ahora, inténtalo tú! ¿Puedes encontrar la figura que va con la silueta?","Jetzt bist du dran! Kannst du die Form finden, die zum Schatten passt?","mental-rotation-test-instruct4
Final es-co & de translation review complete"
30,mental-rotation-instruct-3D,mental-rotation,Now you will see pictures that show blocks with three sides. Your task is to choose the matching picture.,Ahora verás imágenes que muestran bloques con tres lados. Tu tarea es elegir la imagen que coincide.,"Jetzt siehst du Bilder, die Blöcke mit drei Seiten zeigen. Deine Aufgabe ist es, das passende Bild auszuwählen.","mental-rotation-instruct-3D
"
31,mental-rotation-prompt2,mental-rotation,Choose the picture that matches this one.,Escoge la imagen que coincida con esta.,"Wähle das Bild aus, das zu diesem Bild passt.","mental-rotation-prompt2
Final es-co & de translation review complete"
32,mental-rotation-prompt1,mental-rotation,Choose the matching picture.,Escoge la imagen que coincide.,Wähle das passende Bild aus.,"mental-rotation-prompt1
Final es-co & de translation review complete"
33,math-instructions1,math,"In this game, you will do some math problems. Some will be like the ones you do in school and some will be a little different than what you do in school. Some questions might be easy for you and some might be hard. That is okay! Please try your best and take your time. Most of the questions will have four choices. You choose the one you think is right. Let’s get started!","En este juego, harás algunos problemas de matemáticas. Algunos serán como los que haces en la escuela y otros serán un poco diferentes de los que haces en la escuela. Algunas preguntas te resultarán fáciles y otras difíciles. ¡No pasa nada! Esfuérzate al máximo y tómate tu tiempo. La mayoría de las preguntas tienen cuatro opciones. Eliges la que consideres correcta. ¡Empecemos!","In diesem Spiel wirst du einige mathematische Aufgaben lösen. Einige sind wie die, die du in der Schule machst, und einige sind etwas anders als die, die du in der Schule machst. Einige Fragen könnten leicht für dich sein und einige könnten schwer sein. Das ist nicht schlimm! Bitte gib dein Bestes und nimm dir Zeit. Bei den meisten Fragen gibt es vier Auswahlmöglichkeiten. Du wählst die aus, die du für richtig hältst. Los geht's!","math-instructions1
Es-co complete, de still needs review."
34,number-comparison-prompt1,"math, number-comparison",Which number is larger?,¿Cuál número es mayor?,Welche Zahl ist größer?,"number-comparison-prompt1
Es-co complete, de still needs review."
35,number-comparison-prompt2,"math, number-comparison",Which is larger?,¿Cuál es mayor?,Welche ist größer?,"number-comparison-prompt2
Es-co complete, de still needs review."
36,number-identification-prompt1,"math, number-identification",Choose the number you hear.,Escoge el número cuando lo escuches.,"Wähle die Zahl, die du hörst.","number-identification-prompt1
Es-co complete, de still needs review."
37,missing-number-prompt1,"math, missing-number",What number goes in the blank?,¿Cuál número va en el espacio en blanco?,Welche Zahl gehört in die Lücke?,"missing-number-prompt1
Es-co complete, de still needs review."
38,missing-number-prompt2,"math, missing-number",What number goes here?,¿Cuál número va aquí?,Welche Zahl gehört hierher?,"missing-number-prompt2
Es-co complete, de still needs review."
39,addition-prompt1,"math, addition",Add the numbers and choose the correct answer.,Suma los números y elige la respuesta correcta.,Addiere die Zahlen und wähle die richtige Antwort.,"addition-prompt1
Es-co complete, de still needs review."
40,addition-prompt2,"math, addition",Add the numbers.,Suma los números.,Addiere die Zahlen. ,"addition-prompt2
Es-co complete, de still needs review."
41,subtraction-prompt1,"math, subtraction",Subtract the numbers and choose the correct answer.,Resta los números y elige la respuesta correcta.,Ziehe die Zahlen ab und wähle die richtige Antwort.,"subtraction-prompt1
Es-co complete, de still needs review."
42,subtraction-prompt2,"math, subtraction",Subtract the numbers.,Resta los números.,Ziehe die Zahlen ab. ,"subtraction-prompt2
Es-co complete, de still needs review."
43,multiplication-prompt1,"math, multiplication",Multiply the numbers and choose the correct answer.,Multiplica los números y elige la respuesta correcta.,Multipliziere die Zahlen und wähle die richtige Antwort.,"multiplication-prompt1
Es-co complete, de still needs review."
44,multiplication-prompt2,"math, multiplication",Multiply the numbers.,Multiplica los números.,Multipliziere die Zahlen. ,"multiplication-prompt2
Es-co complete, de still needs review."
45,number-line-instruct1,math,Here is a number line. You can move the red line forward and backward along the black line. Move the red line so it is in the right place to show where the number would fit. Make sure you look at the numbers at each end when deciding where to move the red line.,Aquí tienes una recta numérica. Mira qué números están en los extremos. Puedes mover la barra roja hacia delante y hacia atrás a lo largo de la línea negra. Pon la barra roja en el lugar del número indicado.,"Hier ist eine Zahlenreihe. Du kannst die rote Linie vorwärts und rückwärts entlang der schwarzen Linie verschieben. Verschiebe die rote Linie so, dass sie sich an der richtigen Stelle befindet, um zu zeigen, wo die Zahl hingehört. Achte darauf, dass du die Zahlen an beiden Enden ansiehst, wenn du entscheidest, wohin du die rote Linie verschiebst.","number-line-instruct1
Es-co complete, de still needs review."
46,number-line-prompt1,"math, number-line-4AFC",Choose the number that is marked on the number line.,Elige el número que está marcado en la línea recta de números.,,"number-line-prompt1
Es-co complete, de still needs review."
47,number-line-slider-prompt1,math,Move the red line to mark the number.,Pon la barra roja sobre la linea recta en el lugar del número indicado.,Bewege den Schieberegler auf die angegebene Zahl.,"number-line-slider-prompt1
Es-co complete, de still needs review."
48,number-identification-1,"math, number-identification",Choose the number 1.,Elige el número 1.,Wähle die Zahl 1.,"number-identification-1
Es-co complete, de still needs review."
49,number-identification-2,"math, number-identification",Choose the 2.,Elige el 2.,,"number-identification-2
Es-co complete, de still needs review."
50,number-identification-3,"math, number-identification",Choose the 9.,Elige el 9.,Wähle die 9.,"number-identification-3
Es-co complete, de still needs review."
51,number-identification-4,"math, number-identification",Choose the 0.,Elige el 0.,Wähle die 0.,"number-identification-4
Es-co complete, de still needs review."
52,number-identification-5,"math, number-identification",Choose the 12.,Elige el 12.,Wähle die 12.,"number-identification-5
Es-co complete, de still needs review."
53,number-identification-6,"math, number-identification",Choose the 30.,Elige el 30.,Wähle die 30.,"number-identification-6
Es-co complete, de still needs review."
54,number-identification-7,"math, number-identification",Choose the 22.,Elige el 22.,Wähle die 22.,"number-identification-7
Es-co complete, de still needs review."
55,number-identification-8,"math, number-identification",Choose the 45.,Elige el 45.,Wähle die 45.,"number-identification-8
Es-co complete, de still needs review."
56,number-identification-9,"math, number-identification",Choose the 39.,Elige el 39.,Wähle die 39.,"number-identification-9
Es-co complete, de still needs review."
57,number-identification-10,"math, number-identification",Choose the 23.,Elige el 23.,Wähle die 23.,"number-identification-10
Es-co complete, de still needs review."
58,number-identification-11,"math, number-identification",Choose the 48.,Elige el 48.,Wähle die 48.,"number-identification-11
Es-co complete, de still needs review."
59,number-identification-12,"math, number-identification",Choose the 91.,Elige el 91.,Wähle die 91.,"number-identification-12
Es-co complete, de still needs review."
60,number-identification-13,"math, number-identification",Choose the 33.,Elige el 33.,,"number-identification-13
Es-co complete, de still needs review."
61,number-identification-14,"math, number-identification",Choose the 74.,Elige el 74.,,"number-identification-14
Es-co complete, de still needs review."
62,number-identification-15,"math, number-identification",Choose the 87.,Elige el 87.,Wähle die 87.,"number-identification-15
Es-co complete, de still needs review."
63,number-identification-16,"math, number-identification",Choose the 65.,Elige el 65.,Wähle die 65.,"number-identification-16
Es-co complete, de still needs review."
64,number-identification-17,"math, number-identification",Choose the 108.,Elige el 108.,Wähle die 108.,"number-identification-17
Es-co complete, de still needs review."
65,number-identification-18,"math, number-identification",Choose the 245.,Elige el 245.,,"number-identification-18
Es-co complete, de still needs review."
66,number-identification-19,"math, number-identification",Choose the 587.,Elige el 587.,Wähle die 587.,"number-identification-19
Es-co complete, de still needs review."
67,number-identification-20,"math, number-identification",Choose the 731.,Elige el 731.,Wähle die 731.,"number-identification-20
Es-co complete, de still needs review."
68,number-identification-21,"math, number-identification",Choose the 989.,Elige el 989. ,,"number-identification-21
Es-co complete, de still needs review."
69,trog-instruct1,trog,"Now we're going to play a matching game! I'm going to say some words, and you choose the picture that goes with what I say. Let's get started!","Ahora, ¡vamos a hacer un juego de asociación! Yo diré palabras y tú tocarás la imagen que va con las palabras que yo diga. ¡Empecemos!","Jetzt werden wir ein Zuordnungsspiel spielen! Ich sage ein paar Worte, und du berührst das Bild, das zu dem passt, was ich sage. Bist du bereit?","trog-instruct1
Es-co complete, de still needs review."
70,trog-prompt1,trog,Choose the picture of the...,Elige la imagen del...,Berühre das Bild mit dem/der/den...,"trog-prompt1
Es-co complete, de still needs review."
71,trog-prompt2,trog,Choose the picture of...,Elige la imagen de...,Berühre das Bild mit...,"trog-prompt2
Es-co complete, de still needs review."
72,trog-prompt3,trog,Choose the picture that shows...,Elige la imagen que muestra...,,"trog-prompt3
Es-co complete, de still needs review."
73,trog-item-1,trog,Choose the picture of the shoe.,Elige la imagen del zapato.,,"trog-item-1
Es-co complete, de still needs review."
74,trog-item-2,trog,Choose the picture of the bird.,Elige la imagen del pájaro.,Wähle das Bild mit dem Vogel.,"trog-item-2
Es-co complete, de still needs review."
75,trog-item-3,trog,nan,Elige la imagen del peine.,Wähle das Bild mit dem Kamm.,"trog-item-3
Es-co complete, de still needs review."
76,trog-item-4,trog,nan,Elige la imagen de la manzana.,Wähle das Bild mit dem Apfel.,"trog-item-4
Es-co complete, de still needs review."
77,trog-item-5,trog,nan,Elige la imagen que muestra comiendo.,,"trog-item-5
Es-co complete, de still needs review."
78,trog-item-6,trog,nan,Elige la imagen que muestra recogiendo.,"Wähle das Bild aus, das zeigt, wie jemand pflückt.","trog-item-6
Es-co complete, de still needs review."
79,trog-item-7,trog,nan,Elige la imagen que muestra sentado.,"Wähle das Bild aus, das zeigt, wie jemand sitzt.","trog-item-7
Es-co complete, de still needs review."
80,trog-item-8,trog,nan,Elige la imagen que muestra corriendo.,"Wähle das Bild aus, das zeigt, wie jemand läuft.","trog-item-8
Es-co complete, de still needs review."
81,trog-item-9,trog,nan,Elige la imagen que muestra largo.,,"trog-item-9
Es-co complete, de still needs review."
82,trog-item-10,trog,nan,Elige la imagen que muestra alto.,"Wähle das Bild aus, das etwas großes zeigt.","trog-item-10
Es-co complete, de still needs review."
83,trog-item-11,trog,nan,Elige la imagen que muestra el rojo.,,"trog-item-11
Es-co complete, de still needs review."
84,trog-item-12,trog,nan,Elige la imagen que muestra el negro.,"Wähle das Bild aus, das etwas schwarzes zeigt.","trog-item-12
Es-co complete, de still needs review."
85,trog-item-13,trog,nan,el niño está corriendo,der Junge rennt.,"trog-item-13
Es-co complete, de still needs review."
86,trog-item-14,trog,nan,la taza grande,die große Tasse.,"trog-item-14
Es-co complete, de still needs review."
87,trog-item-15,trog,nan,el perro está sentado,der Hund sitzt.,"trog-item-15
Es-co complete, de still needs review."
88,trog-item-16,trog,nan,la pelota roja,der rote Ball.,"trog-item-16
Es-co complete, de still needs review."
89,trog-item-17,trog,nan,el niño no está corriendo,der Junge rennt nicht.,"trog-item-17
Es-co complete, de still needs review."
90,trog-item-18,trog,nan,el perro no está bebiendo,der Hund trinkt nicht.,"trog-item-18
Es-co complete, de still needs review."
91,trog-item-19,trog,nan,la niña no está saltando,das Mädchen hüpft nicht.,"trog-item-19
Es-co complete, de still needs review."
92,trog-item-20,trog,nan,el perro no está sentado,der Hund sitzt nicht.,"trog-item-20
Es-co complete, de still needs review."
93,trog-item-21,trog,nan,el niño salta por encima de la caja,der Junge springt über den Kasten. ,"trog-item-21
Es-co complete, de still needs review."
94,trog-item-22,trog,nan,la niña está sentada encima de la mesa,das Mädchen sitzt auf dem Tisch.,"trog-item-22
Es-co complete, de still needs review."
95,trog-item-23,trog,nan,el hombre se está comiendo una manzana,,"trog-item-23
Es-co complete, de still needs review."
96,trog-item-24,trog,nan,la señora está llevando la bolsa,die Frau trägt eine Tasche.,"trog-item-24
Es-co complete, de still needs review."
97,trog-item-25,trog,nan,están sentadas encima de la mesa,sie sitzen auf dem Tisch.,"trog-item-25
Es-co complete, de still needs review."
98,trog-item-26,trog,nan,la vaca está mirándolas,,"trog-item-26
Es-co complete, de still needs review."
99,trog-item-27,trog,nan,están saltando por encima de la pared,sie springen über die Mauer.,"trog-item-27
Es-co complete, de still needs review."
100,trog-item-28,trog,nan,el elefante está llevandolos,der Elefant trägt sie,"trog-item-28
Es-co complete, de still needs review."
101,trog-item-29,trog,nan,la niña está empujando al caballo,das Mädchen schiebt das Pferd,"trog-item-29
Es-co complete, de still needs review."
102,trog-item-30,trog,nan,el niño persigue a la oveja,der Junge jagt das Schaf,"trog-item-30
Es-co complete, de still needs review."
103,trog-item-31,trog,nan,el hombre persigue al perro,,"trog-item-31
Es-co complete, de still needs review."
104,trog-item-32,trog,nan,la vaca está empujando a la señora,,"trog-item-32
Es-co complete, de still needs review."
105,trog-item-33,trog,nan,ella está sentada en la silla,sie sitzt auf dem Stuhl.,"trog-item-33
Es-co complete, de still needs review."
106,trog-item-34,trog,nan,la señora lo está cargando,die Dame trägt ihn,"trog-item-34
Es-co complete, de still needs review."
107,trog-item-35,trog,nan,él está sentado en el árbol,er sitzt auf dem Baum,"trog-item-35
Es-co complete, de still needs review."
108,trog-item-36,trog,nan,el caballo la está mirando,das Pferd sieht sie an,"trog-item-36
Es-co complete, de still needs review."
109,trog-item-37,trog,nan,los gatos miran la pelota,die Katzen schauen auf den Ball,"trog-item-37
Es-co complete, de still needs review."
110,trog-item-38,trog,nan,el niño se para encima de las sillas,der Junge steht auf den Stühlen,"trog-item-38
Es-co complete, de still needs review."
111,trog-item-39,trog,nan,los niños recogen las manzanas,die Jungen pflücken die Äpfel,"trog-item-39
Es-co complete, de still needs review."
112,trog-item-40,trog,nan,la niña deja caer las tazas,das Mädchen lässt die Tassen fallen,"trog-item-40
Es-co complete, de still needs review."
113,trog-item-41,trog,nan,el tenedor es más largo que el lápiz,die Gabel ist länger als der Bleistift,"trog-item-41
Es-co complete, de still needs review."
114,trog-item-42,trog,nan,la caja es más grande que la taza,die Schchtel ist größer als die Tasse,"trog-item-42
Es-co complete, de still needs review."
115,trog-item-43,trog,nan,el zapato es más grande que el pájaro,der Schuh ist größer als der Vogel,"trog-item-43
Es-co complete, de still needs review."
116,trog-item-44,trog,nan,el caballo es más alto que la pared,das Pferd ist größer als die Mauer,"trog-item-44
Es-co complete, de still needs review."
117,trog-item-45,trog,nan,la niña es perseguida por el caballo,,"trog-item-45
Es-co complete, de still needs review."
118,trog-item-46,trog,nan,el elefante es empujado por el niño,der Elefant wird von dem Jungen geschoben,"trog-item-46
Es-co complete, de still needs review."
119,trog-item-47,trog,nan,el caballo es perseguido por el hombre,das Pferd wird von dem Mann gejagt,"trog-item-47
Es-co complete, de still needs review."
120,trog-item-48,trog,nan,la vaca es empujada por el hombre,die Kuh wird von dem Mann geschoben,"trog-item-48
Es-co complete, de still needs review."
121,trog-item-49,trog,nan,la taza está en la caja,die Tasse ist in der Schachtel,"trog-item-49
Es-co complete, de still needs review."
122,trog-item-50,trog,nan,el lápiz está encima de la caja,der Bleistift ist auf der Schachtel,"trog-item-50
Es-co complete, de still needs review."
123,trog-item-51,trog,nan,el círculo está en la estrella,,"trog-item-51
Es-co complete, de still needs review."
124,trog-item-52,trog,nan,el tenedor está encima del zapato,die Gabel ist auf dem Schuh,"trog-item-52
Es-co complete, de still needs review."
125,trog-item-53,trog,nan,el niño que persigue al caballo es alto,,"trog-item-53
Es-co complete, de still needs review."
126,trog-item-54,trog,nan,el lápiz encima del zapato es azul,der Bleistift auf dem Schuh ist blau,"trog-item-54
Es-co complete, de still needs review."
127,trog-item-55,trog,nan,la vaca que persigue al gato es marrón,"die Kuh, die die Katze jagt, ist braun","trog-item-55
Es-co complete, de still needs review."
128,trog-item-56,trog,nan,el círculo en la estrella es amarillo,der Kreis im Stern ist gelb,"trog-item-56
Es-co complete, de still needs review."
129,trog-item-57,trog,nan,"la caja es roja, pero no la silla","die Schachtel, aber nicht der Stuhl ist rot","trog-item-57
Es-co complete, de still needs review."
130,trog-item-58,trog,nan,el gato es grande pero no negro,"die Katze ist groß, aber nicht schwarz","trog-item-58
Es-co complete, de still needs review."
131,trog-item-59,trog,nan,"el caballo está parado, pero no el niño","das Pferd, aber nicht der Junge, steht","trog-item-59
Es-co complete, de still needs review."
132,trog-item-60,trog,nan,"el niño está sentado, pero no está comiendo","der Junge sitzt, aber er isst nicht","trog-item-60
Es-co complete, de still needs review."
133,trog-item-61,trog,nan,el lápiz está arriba de la flor,der Bleistift ist über der Blume,"trog-item-61
Es-co complete, de still needs review."
134,trog-item-62,trog,nan,el peine está debajo de la cuchara,,"trog-item-62
Es-co complete, de still needs review."
135,trog-item-63,trog,nan,la estrella está encima del círculo,der Stern ist über dem Kreis,"trog-item-63
Es-co complete, de still needs review."
136,trog-item-64,trog,nan,el cuadrado está debajo de la estrella,,"trog-item-64
Es-co complete, de still needs review."
137,trog-item-65,trog,nan,"no sólo el pájaro, también la flor es azul.","nicht nur der Vogel, sondern auch die Blume ist blau","trog-item-65
Es-co complete, de still needs review."
138,trog-item-66,trog,nan,"la caja no sólo es grande, sino también azul","die Box ist nicht nur groß, sondern auch blau","trog-item-66
Es-co complete, de still needs review."
139,trog-item-67,trog,nan,"no sólo la niña, también el gato está sentado.","nicht nur das Mädchen, sondern auch die Katze sitzt","trog-item-67
Es-co complete, de still needs review."
140,trog-item-68,trog,nan,"la niña no solo tiene comida, sino también bebida","das Mädchen hat nicht nur Essen, sondern auch ein Getränk","trog-item-68
Es-co complete, de still needs review."
141,trog-item-69,trog,nan,el lápiz está encima del libro que es amarillo,"der Bleistift ist auf dem Buch, das gelb ist","trog-item-69
Es-co complete, de still needs review."
142,trog-item-70,trog,nan,la niña persigue al perro que es grande,"das Mädchen jagt den Hund, der groß ist","trog-item-70
Es-co complete, de still needs review."
143,trog-item-71,trog,nan,el cuadrado está en la estrella que es azul,"das Quadrat ist in dem Stern, der blau ist","trog-item-71
Es-co complete, de still needs review."
144,trog-item-72,trog,nan,el perro persigue al caballo que es marrón,"der Hund jagt das Pferd, das braun ist","trog-item-72
Es-co complete, de still needs review."
145,trog-item-73,trog,nan,ni el perro ni la pelota son marrones,weder der Hund noch der Ball sind braun,"trog-item-73
Es-co complete, de still needs review."
146,trog-item-74,trog,nan,el lápiz no es largo ni rojo,,"trog-item-74
Es-co complete, de still needs review."
147,trog-item-75,trog,nan,ni el niño ni el caballo están corriendo,,"trog-item-75
Es-co complete, de still needs review."
148,trog-item-76,trog,nan,el niño no tiene ni sombrero ni zapatos,,"trog-item-76
Es-co complete, de still needs review."
149,trog-item-77,trog,nan,"el libro, sobre el que está el lápiz, es rojo","das Buch, auf dem der Bleistift liegt, ist rot","trog-item-77
Es-co complete, de still needs review."
150,trog-item-78,trog,nan,el gato que la vaca persigue es negro,"die Katze, die die Kuh jagt, ist schwarz","trog-item-78
Es-co complete, de still needs review."
151,trog-item-79,trog,nan,"el círculo, en el que está la estrella, es rojo",,"trog-item-79
Es-co complete, de still needs review."
152,trog-item-80,trog,nan,el niño que el perro persigue es grande,"der Junge, den der Hund jagt, ist groß","trog-item-80
Es-co complete, de still needs review."
153,trog-item-81,trog,nan,"el caballo bebe agua junto al granero, y la oveja come pasto junto a la cerca",,"trog-item-81
Es-co complete, de still needs review."
154,trog-item-82,trog,nan,el estudiante abre el cuaderno y dibuja un árbol,der Schüler öffnete das Heft und zeichnete einen Baum,"trog-item-82
Es-co complete, de still needs review."
155,trog-item-83,trog,nan,"Si hace sol, haremos un picnic en el parque","Wenn es sonnig ist, werden wir im Park ein Picknick machen.","trog-item-83
Es-co complete, de still needs review."
156,trog-item-84,trog,nan,encontró sus llaves debajo del sofá con cojines,,"trog-item-84
Es-co complete, de still needs review."
157,trog-item-85,trog,nan,ella es la jardinera que usa un sombrero que tiene una flor,"sie ist die Gärtnerin, die den Hut mit einer Blume trägt","trog-item-85
Es-co complete, de still needs review."
158,trog-item-86,trog,nan,Ella tropezó con una piedra y dejo caer sus libros.,Sie stolperte über einen Stein und ließ ihre Bücher fallen.,"trog-item-86
Es-co complete, de still needs review."
159,trog-item-87,trog,nan,"La maestra dará pastel a los estudiantes, si se ponen en fila.","Der Lehrer gibt den Schülern Kuchen, wenn sie in einer Reihe stehen.","trog-item-87
Es-co complete, de still needs review."
160,trog-item-88,trog,nan,"Si hay música sonando, bailaremos todos juntos.","Wir tanzen zusammen, wenn Musik läuft.","trog-item-88
Es-co complete, de still needs review."
161,trog-item-89,trog,nan,"Aunque hace calor afuera, estoy usando una chaqueta con capucha.","Obwohl es draußen heiß ist, trage ich eine Jacke mit Kapuze.","trog-item-89
Es-co complete, de still needs review."
162,trog-item-90,trog,nan,"Le gusta nadar. Sin embargo, elijió jugar fútbol con sus amigos.",,"trog-item-90
Es-co complete, de still needs review."
163,trog-item-91,trog,nan,"A pesar del ruido en el salón, ella se concentró en leer su cuaderno.",Trotz des Lärms im Klassenzimmer konzentrierte sie sich auf das Lesen ihres Heftes.,"trog-item-91
Es-co complete, de still needs review."
164,trog-item-92,trog,nan,Él usó el sombrero de payaso a pesar de su gran tamaño.,Er trug die Clownsmütze trotz ihrer großen Größe.,"trog-item-92
Es-co complete, de still needs review."
165,trog-item-93,trog,nan,El pato que seguía a la tortuga está caminando por el puente.,"Die Ente, die der Schildkröte folgt, geht über die Brücke.","trog-item-93
Es-co complete, de still needs review."
166,trog-item-94,trog,nan,"Al tropezar la mesa con mi pie, tumbé un libro.",,"trog-item-94
Es-co complete, de still needs review."
167,trog-item-95,trog,nan,La persona persigue al perro que es grande.,The person chases the dog that is big.,"trog-item-95
Es-co complete, de still needs review."
168,trog-item-96,trog,nan,A la niña que llevaba el morral su amiga le mostró una flor.,"Dem Mädchen, das einen Rucksack trägt, wurde von seiner Freundin eine Blume gezeigt.","trog-item-96
Final es-co & de translation review complete"
169,trog-item-97,trog,nan,"Los niños limpiaron la habitación, pero se olvidaron de guardar el tren.","The kids cleaned the room, but forgot to put away the train.","trog-item-97
Es-co complete, de still needs review."
170,trog-item-98,trog,nan,El mono no se comió el plátano ni se columpió en la liana.,Der Affe hat weder die Banane gegessen noch sich an der Liane geschwungen.,"trog-item-98
Final es-co & de translation review complete"
171,trog-item-99,trog,nan,"Su madre dijo que haría sol. Sin embargo, llovió a cántaros.","Her mom said it would be sunny. However, it rained heavily.","trog-item-99
Es-co complete, de still needs review."
172,trog-item-100,trog,nan,El avión que es gris está por encima de las nubes.,,"trog-item-100
Es-co complete, de still needs review."
173,trog-item-101,trog,nan,Los peces nadan bajo una ballena y una tortuga marina.,The fish swim beneath a whale and a sea turtle.,"trog-item-101
Es-co complete, de still needs review."
174,trog-item-102,trog,nan,El coche que siguió el camión va hacia el túnel.,,"trog-item-102
Es-co complete, de still needs review."
175,trog-item-103,trog,nan,"En vez de hacer los deberes, hizo un puzzle en su habitación.",,"trog-item-103
Es-co complete, de still needs review."
176,yes,theory-of-mind,nan,sí,ja,"yes
"
177,no,theory-of-mind,nan,no,nein,"no
"
178,happy,theory-of-mind,nan,feliz,,"happy
"
179,sad,theory-of-mind,nan,triste,traurig,"sad
"
180,angry,theory-of-mind,nan,enojado,wütend,"angry
"
181,scared,theory-of-mind,nan,asustado,,"scared
"
182,calm,theory-of-mind,nan,tranquilo,,"calm
"
183,proud,theory-of-mind,nan,orgulloso,,"proud
"
184,disgusted,theory-of-mind,nan,asqueado,,"disgusted
"
185,surprised,theory-of-mind,nan,sorprendido,,"surprised
"
186,ToM-intro,theory-of-mind,nan,Este es el Juego de las historias. En este juego vas a escuchar algunas historias y luego vas a responder preguntas sobre esas historias.,Das ist das Geschichten-Spiel. In diesem Spiel wirst du Geschichten hören und dann kannst du ein paar Fragen dazu beantworten.,"ToM-intro
"
187,ToM-transition,theory-of-mind,nan,¡Bien hecho! Ahora vamos con una nueva historia.,Sehr gut! Hier ist eine neue Geschichte.,"ToM-transition
"
188,ToM-scene1-instruct1,theory-of-mind,nan,"Ella es Marisol. Esta mañana, Marisol puso su libro detrás de la silla, porque no quería que nadie lo encontrara.","Das ist Petra. Heute Morgen hat Petra ihr Buch hinter den Stuhl gelegt, weil sie nicht wollte, dass es jemand findet. ","ToM-scene1-instruct1
Final es-co & de translation review complete"
189,ToM-scene1-instruct2,theory-of-mind,nan,"Pero, cuando Marisol estaba afuera jugando, ¡alguien lo encontró! Y lo escondió debajo de la alfombra.",,"ToM-scene1-instruct2
Final es-co & de translation review complete"
190,ToM-scene1-instruct3,theory-of-mind,nan,"Ahora, es el momento de leer y Marisol quiere su libro.",Jetzt ist also Lesezeit und Petra möchte ihr Buch.,"ToM-scene1-instruct3
Final es-co & de translation review complete"
191,ToM-scene1-q1-false_belief,theory-of-mind,nan,¿Dónde buscará Marisol su libro primero?,Wo wird Laura zuerst nach ihrem Buch suchen? ,"ToM-scene1-q1-false_belief
Final es-co & de translation review complete"
192,chair,theory-of-mind,nan,Detrás de la silla,Hinter dem Stuhl,"chair
Final es-co & de translation review complete"
193,rug,theory-of-mind,nan,Debajo de la alfombra,Unter dem Teppich,"rug
Final es-co & de translation review complete"
194,ToM-scene1-q2-reality_check,theory-of-mind,nan,¿Y dónde está realmente su libro?,Und wo ist ihr Buch wirklich?,"ToM-scene1-q2-reality_check
Final es-co & de translation review complete"
195,ToM-scene2-instruct1,theory-of-mind,nan,"Esta mañana, cuando vino a la escuela, Elián puso su libro sobre la repisa encima de los colgaderos de abrigos. El libro de Elián es azul.","Heute Morgen, als er in die Schule kam, hat Justus sein Buch auf die Garderobe über den Mänteln gelegt. Das Buch von Justus ist blau! ","ToM-scene2-instruct1
Final es-co & de translation review complete"
196,ToM-scene2-instruct2,theory-of-mind,nan,"Y luego salió a jugar, ¿ves? Aquí está Elián jugando afuera. Mientras Elián estaba afuera jugando, su libro se cayó de la repisa y quedó en el piso, debajo de los abrigos, ¿ves?",,"ToM-scene2-instruct2
Final es-co & de translation review complete"
197,ToM-scene2-instruct3,theory-of-mind,nan,"Luego entró Ana y puso su libro sobre la repisa encima de los colgaderos. ¡El libro de Ana también es azul! Como Elián todavía está afuera jugando, no vio lo que hizo Ana.","Dann kommt Hannah herein und legt ihr Buch auf die Garderobe über den Mänteln. Hannahs Buch ist auch blau! Justus ist noch draußen und spielt, deshalb hat er nicht gesehen, was Hannah gemacht hat.","ToM-scene2-instruct3
Final es-co & de translation review complete"
198,ToM-scene2-q1-false_belief,theory-of-mind,nan,"Entonces, cuando Elián regrese, ¿dónde buscará primero su libro?","Wenn Justus nun von draußen hereinkommt, wo wird er zuerst nach seinem Buch suchen?","ToM-scene2-q1-false_belief
Final es-co & de translation review complete"
199,shelf,theory-of-mind,nan,Sobre la repisa,,"shelf
Final es-co & de translation review complete"
200,coats,theory-of-mind,nan,Debajo de los abrigos,Unter den Mänteln,"coats
Final es-co & de translation review complete"
201,ToM-scene2-instruct4,theory-of-mind,nan,"Veamos lo que Elián hace. Oh, mira, Elián está cogiendo el libro que está sobre la repisa. Y ahora Ana ve a Elián cogiendo ese libro... ¡el libro que es de Ana!","Mal sehen, was er macht. Oh, sieh mal, da ist Justus. Er greift nach dem Buch oben im Regal. Und jetzt sieht Hannah, wie Justus nach dem Buch greift... dem Buch, das Hannah gehört!","ToM-scene2-instruct4
Final es-co & de translation review complete"
202,ToM-scene2-q2-emotion_reasoning,theory-of-mind,nan,¿Cómo crees que se siente Ana cuando Elián coge ese libro?,"Was glaubst du, was Hannah davon hält, dass Justus nach dem Buch greift? ","ToM-scene2-q2-emotion_reasoning
Final es-co & de translation review complete"
203,ToM-scene2-q7-emotion_reasoning,theory-of-mind,nan,¿Cómo crees que se sentiría Ana si no hubiera visto a Elián coger el libro?,"Wie würde sich Hannah wohl fühlen, wenn sie nicht gesehen hätte, wie Justus nach dem Buch greift?","ToM-scene2-q7-emotion_reasoning
"
204,ToM-scene2-q3-false_belief,theory-of-mind,nan,¿Elián está siendo malo y travieso al tomar el libro de Ana?,"Ist es gemein und frech von Justus, dass er Hannahs Buch genommen hat?","ToM-scene2-q3-false_belief
Final es-co & de translation review complete"
205,ToM-scene2-q4-false_belief,theory-of-mind,nan,¿Debería Elián estar en problemas con el maestro por tomar el libro de Ana?,"Sollte Justus Ärger mit der Lehrerin bekommen, weil er Hannahs Buch genommen hat?","ToM-scene2-q4-false_belief
Final es-co & de translation review complete"
206,ToM-scene2-q5-reality_check,theory-of-mind,nan,¿Puedes ayudar a Ana a encontrar su libro? ¿Está sobre la repisa o debajo de los abrigos?,,"ToM-scene2-q5-reality_check
Final es-co & de translation review complete"
207,ToM-scene2-q6-reality_check,theory-of-mind,nan,¿Puedes ayudar a Elián a encontrar su libro? ¿Está sobre la repisa o debajo de los abrigos?,,"ToM-scene2-q6-reality_check
Final es-co & de translation review complete"
208,ToM-scene3-instruct1,theory-of-mind,nan,"Johan, Isabel e Iván están jugando. El juego es el siguiente: Uno de los niños se esconde, pero debe dibujar una pista en la arena que permita a los otros niños encontrarlo.","Johann, Isabelle und Jens spielen ein Spiel. Das Spiel geht so: Ein Kind versteckt sich: Ein Kind versteckt sich, malt aber einen Hinweis in den Sandkasten, damit die anderen Kinder es finden können. ","ToM-scene3-instruct1
Final es-co & de translation review complete"
209,ToM-scene3-instruct2,theory-of-mind,nan,"Entonces, Iván va primero. Dibuja esta pista en la arena y se esconde.",,"ToM-scene3-instruct2
Final es-co & de translation review complete"
210,ToM-scene3-instruct3,theory-of-mind,nan,Ahora le toca a Johan dejar una pista y esconderse. Isabel e Iván intentarán utilizar la pista para encontrarle.,,"ToM-scene3-instruct3
Final es-co & de translation review complete"
211,ToM-scene3-instruct4,theory-of-mind,nan,"Johan decide esconderse detrás de la fuente. Él dibuja una pista en la arena. Él intenta dibujar la parte inferior de la fuente y el agua que sale de ella, ¡pero el dibujo que hace parece un árbol! Ahora, Johan se esconde detrás de la fuente.","Johann beschließt, sich hinter dem Springbrunnen zu verstecken. Er zeichnet einen Hinweis in den Sand. Er versucht, den Springbrunnen zu zeichnen, mit dem unteren Teil und dem Wasser, das aus ihm herauskommt. Aber die Zeichnung sieht stattdessen wie ein Baum aus! Dann versteckt sich Johann hinter dem Springbrunnen.","ToM-scene3-instruct4
Final es-co & de translation review complete"
212,ToM-scene3-q1,theory-of-mind,nan,¿Qué quería dibujar Johan?,Was wollte Johann zeichnen?,"ToM-scene3-q1
Final es-co & de translation review complete"
213,fountain,theory-of-mind,nan,Una fuente,Einen Springbrunnen,"fountain
Final es-co & de translation review complete"
214,tree,theory-of-mind,nan,Un árbol,Einen Baum,"tree
Final es-co & de translation review complete"
215,ToM-scene3-q2-false_belief,theory-of-mind,nan,"Cuando Isabel e Iván vean esta pista, ¿dónde buscarán primero a Johan?",,"ToM-scene3-q2-false_belief
Final es-co & de translation review complete"
216,ToM-scene3-q2-reality_check,theory-of-mind,nan,¿Puedes ayudarles a encontrar dónde está realmente Johan?,"Kannst du ihnen helfen, herauszufinden, wo Johann wirklich ist?","ToM-scene3-q2-reality_check
Final es-co & de translation review complete"
217,behind-fountain,theory-of-mind,nan,Detrás de la fuente,,"behind-fountain
Final es-co & de translation review complete"
218,behind-tree,theory-of-mind,nan,Detrás del árbol,Hinter dem Baum,"behind-tree
Final es-co & de translation review complete"
219,ToM-scene3-q3-emotion_reasoning,theory-of-mind,nan,"¡Mira, Isabel e Iván encontraron a Joshua y ganaron el juego! ¿Cómo crees que se siente Isabel por ganar el juego?","Look, Isabel and Ivan found Joshua, and won the game! How do you think Isabel feels about winning the game?","ToM-scene3-q3-emotion_reasoning
Final es-co & de translation review complete"
220,ToM-scene4-instruct1,theory-of-mind,nan,Ya se acabaron los juegos y es la hora de volver a casa. Mamá les dice a los niños que busquen todos sus juguetes.,"Jetzt sind die Spiele vorbei, und es ist fast Zeit, nach Hause zu gehen. Die Mutter sagt den Kindern, sie sollen alle ihre Spielsachen finden. ","ToM-scene4-instruct1
Final es-co & de translation review complete"
221,ToM-scene4-instruct2,theory-of-mind,nan,"Johan trajo su camión de juguete al parque, pero ahora no lo encuentra. Lo busca por todas partes, pero no puede encontrarlo.",,"ToM-scene4-instruct2
Final es-co & de translation review complete"
222,ToM-scene4-q1-emotion_reasoning,theory-of-mind,nan,¿Cómo se siente Joshua al perder su camioneta?,How does Joshua feel about losing his truck?,"ToM-scene4-q1-emotion_reasoning
Final es-co & de translation review complete"
223,ToM-scene4-q8-emotion_reasoning,theory-of-mind,nan,¿Cómo se sentiría Johan si encontrara su camión?,"Wie würde sich Johann fühlen, wenn er seinen Lastwagen finden würde?","ToM-scene4-q8-emotion_reasoning
"
224,ToM-scene4-instruct3,theory-of-mind,nan,"Johan no encuentra su camión porque antes, cuando nadie miraba, Isabel cogió el camión de juguete y lo enterró en la arena.","Johann kann seinen Lastwagen nicht finden, weil Lisa vorhin, als niemand hinsah, den Spielzeuglastwagen genommen und im Sandkasten vergraben hat. ","ToM-scene4-instruct3
Final es-co & de translation review complete"
225,ToM-scene4-instruct4,theory-of-mind,nan,"Por eso, Johan mira por todas partes y no encuentra su camión de juguete. Su Mamá se enoja con él porque perdió el camión.","Deshalb sucht Johann überall, aber er kann seinen Spielzeuglaster nicht finden. Die Mutter ist böse auf Johann, weil er seinen Spielzeuglaster verloren hat.","ToM-scene4-instruct4
Final es-co & de translation review complete"
226,ToM-scene4-q2,theory-of-mind,nan,¿Es justo que Mamá se enoje con Johan por haber perdido su camión?,"Ist es fair, dass Mutter böse auf Johann ist, weil er seinen Spielzeuglaster verloren hat? ","ToM-scene4-q2
Final es-co & de translation review complete"
227,ToM-scene4-q3,theory-of-mind,nan,¿Mamá está enojada con Isabel? ,,"ToM-scene4-q3
Final es-co & de translation review complete"
228,ToM-scene4-q4-false_belief,theory-of-mind,nan,¿Johan está enojado con Isabel? ,Ist Johann böse auf Lisa? ,"ToM-scene4-q4-false_belief
Final es-co & de translation review complete"
229,ToM-scene4-instruct5,theory-of-mind,nan,"Cuando Isabel se da cuenta de que la mamá está enojada con Johan, va al patio de arena, saca el juguete de la arena y se lo devuelve a Johan.",,"ToM-scene4-instruct5
Final es-co & de translation review complete"
230,ToM-scene4-q5,theory-of-mind,nan,¿Ahora Mamá está enojada con Johan?,Ist Mutter jetzt böse auf Johann?,"ToM-scene4-q5
Final es-co & de translation review complete"
231,ToM-scene4-q6,theory-of-mind,nan,¿Ahora Mamá está enojada con Isabel?,Ist Mutter jetzt böse auf Lisa?,"ToM-scene4-q6
Final es-co & de translation review complete"
232,ToM-scene4-q7,theory-of-mind,nan,¿Ahora Johan está enojado con Isabel?,,"ToM-scene4-q7
Final es-co & de translation review complete"
233,ToM-scene4-instruct6,theory-of-mind,nan,"Isabel le ofrece disculpas a Johan y le da un fuerte abrazo. Johan le devuelve el abrazo, y la mamá se une a ellos.",,"ToM-scene4-instruct6
Final es-co & de translation review complete"
234,ToM-scene5-instruct1,theory-of-mind,nan,"Ella es Carla. Hace un rato, la mamá de María limpiaba la casa mientras María observaba. La mamá dejó tres tazas en la cocina: hay una taza pequeña en la barra, una taza mediana en la mesa y una taza grande en un estante que está muy alto. ","Das ist Katie. Heute früh hat die Mama von Katie das Haus geputzt, während Katie zugesehen hat. Mama hat drei Tassen in der Küche stehen lassen. Da ist eine kleine Tasse auf dem Tresen, eine mittelgroße Tasse auf dem Tisch und eine große Tasse, die sie ganz oben auf das Regal gestellt hat. ","ToM-scene5-instruct1
Final es-co & de translation review complete"
235,ToM-scene5-instruct2,theory-of-mind,nan,"Carla y Papá acaban de entrar y Carla le pide a su papá que le de una taza. Carla le dice a su papá ""¡quiero la taza grande!"".","Katie und Vater kommen in die Küche und Katie bittet ihren Vater, ihr eine Tasse zu geben. Katie sagt zu ihrem Vater: ""Ich möchte die große Tasse!""","ToM-scene5-instruct2
Final es-co & de translation review complete"
236,ToM-scene5-q1,theory-of-mind,nan,¿Cuál taza le dará el Papá a Carla?,Welche Tasse wird Papa Katie geben?,"ToM-scene5-q1
Final es-co & de translation review complete"
237,ToM-scene5-q2-reality_check,theory-of-mind,nan,¿Cuál taza quiere Carla?,,"ToM-scene5-q2-reality_check
Final es-co & de translation review complete"
238,small_cup,theory-of-mind,nan,La taza pequeña,Die kleine Tasse,"small_cup
Final es-co & de translation review complete"
239,medium_cup,theory-of-mind,nan,La taza mediana,Die mittelgroße Tasse,"medium_cup
Final es-co & de translation review complete"
240,large_cup,theory-of-mind,nan,La taza grande,Die große Tasse,"large_cup
Final es-co & de translation review complete"
241,ToM-scene5-q3-emotion_reasoning,theory-of-mind,nan,¿Cómo se siente Carla por no recibir la taza que quería?,"Wie fühlt sich Katie, wenn sie nicht die Tasse bekommt, die sie wollte?","ToM-scene5-q3-emotion_reasoning
"
242,ToM-scene5-q4-emotion_reasoning,theory-of-mind,nan,¿Cómo se sentiría Carla si hubiera recibido la taza que quería?,,"ToM-scene5-q4-emotion_reasoning
"
243,ToM-scene6-instruct1,theory-of-mind,nan,"Sam y María están jugando juntos. Cuando miran hacia afuera ven una tienda nueva al otro lado de la calle. María le dice a Sam: ""voy a ir a comprar camisetas nuevas para nosotros"" y se va.",,"ToM-scene6-instruct1
Final es-co & de translation review complete"
244,ToM-scene6-instruct2,theory-of-mind,nan,"        
Mamá llega a casa y le dice a Sam que acaba de pasar por la tienda. ""¿Venden camisetas?"" pregunta Sam. ""No"", dice Mamá, ""solo venden zapatos"". ""Probablemente ahora María va a comprar zapatos en la tienda"", dice Sam.",,"ToM-scene6-instruct2
Final es-co & de translation review complete"
245,ToM-scene6-q1,theory-of-mind,nan,"	
¿María sabe que en la tienda venden zapatos?",Does Maria know that they are selling shoes in the shop?,"ToM-scene6-q1
Final es-co & de translation review complete"
246,ToM-scene6-instruct3,theory-of-mind,nan,"María llega a la tienda y dice ""me gustaría comprar camisas."" La vendedora responde ""Sólo nos quedan medias."" Como María también necesita medias, decide comprar algunos pares.","Maria has arrived at the shop. “I would like to buy shirts,” she says. “All we have left are socks,” says the shopkeeper. Since Maria also needs socks, she decides to get some socks.","ToM-scene6-instruct3
Final es-co & de translation review complete"
247,ToM-scene6-q2,theory-of-mind,nan,¿Sam sabe que María ha comprado medias?,Does Sam know that Maria bought some socks?,"ToM-scene6-q2
Final es-co & de translation review complete"
248,ToM-scene6-q3,theory-of-mind,nan,¿Qué cree Sam que venden en la tienda?,What does Sam think they are selling at the shop?,"ToM-scene6-q3
Final es-co & de translation review complete"
249,shoes,theory-of-mind,nan,Zapatos,Schuhe,"shoes
Final es-co & de translation review complete"
250,socks,theory-of-mind,nan,Medias,Socken,"socks
Final es-co & de translation review complete"
251,shirts,theory-of-mind,nan,Camisetas,T-Shirts,"shirts
Final es-co & de translation review complete"
252,ToM-scene6-instruct4,theory-of-mind,nan,"Caminando de regreso, María se encuentra con su padre. Ella le dice ""acabo de comprar unas medias. Voy a compartirlas con mi hermano Sam. Es una sorpresa"".
""Es muy amable de tu parte"", dice Papá. Luego le pregunta a María: ""¿Sam sabe qué le has comprado?"".","Auf dem Rückweg trifft Maria ihren Vater. Sie erzählt ihrem Vater: ""Ich habe gerade ein paar Socken gekauft. Ich werde sie mit meinem Bruder Sam teilen. Es ist eine Überraschung.""
""Das ist nett von dir"", sagt Papa. Dann fragt er Maria: ""Weiß Sam, was du ihm gekauft hast?""","ToM-scene6-instruct4
Final es-co & de translation review complete"
253,ToM-scene6-q4,theory-of-mind,nan,¿Qué le dice María a Papá?,Was sagt Maria zu Papa?,"ToM-scene6-q4
Final es-co & de translation review complete"
254,ToM-scene6-instruct5,theory-of-mind,nan,"Entonces Papá pregunta: ""¿Qué cree Sam que venden en la tienda?"".","Dann fragt Papa: ""Was glaubt Sam, was sie in dem Laden verkaufen?""","ToM-scene6-instruct5
Final es-co & de translation review complete"
255,ToM-scene6-q5,theory-of-mind,nan,¿Qué le dice María a Papá?,,"ToM-scene6-q5
Final es-co & de translation review complete"
256,ToM-scene6-q6,theory-of-mind,nan,¿Qué cree Sam que venden en la tienda?,,"ToM-scene6-q6
Final es-co & de translation review complete"
257,ToM-scene6-instruct6,theory-of-mind,nan,Sam está muy feliz por recibir sus medias nuevas.,,"ToM-scene6-instruct6
"
258,hostile-attribution-scene1-instruct1,hostile-attribution,nan,Imagina que vas camino a la escuela y llevas puestos tus zapatos nuevos. Te gustan mucho tus zapatos nuevos y es la primera vez que los usas.,"Stell dir vor, du gehst zur Schule und trägst deine neuen Schuhe. Du magst deine neuen Schuhe sehr und heute ist der erste Tag, an dem du sie trägst.","hostile-attribution-scene1-instruct1
Final es-co & de translation review complete"
259,hostile-attribution-scene1-instruct2,hostile-attribution,nan,"De repente, un chico te golpea por detrás. Tropiezas y caes en un charco de barro y tus zapatos nuevos se ensucian de barro.",Plötzlich wirst du von einem Jungen von hinten angerempelt. Du stolperst und fällst in eine Schlammpfütze und deine neuen Schuhe sind schlammig.,"hostile-attribution-scene1-instruct2
Final es-co & de translation review complete"
260,hostile-attribution-scene1-q1,hostile-attribution,nan,¿Crees que el chico te golpeó a propósito o por accidente?,"Glaubst du, dass der Junge dich absichtlich oder aus Versehen angerempelt hat?","hostile-attribution-scene1-q1
Final es-co & de translation review complete"
261,hostile-attribution-scene1-q2,hostile-attribution,nan,Elige una de las tres opciones que tú harías:,,"hostile-attribution-scene1-q2
Final es-co & de translation review complete"
262,hostile-attribution-scene1-q2-ans1,hostile-attribution,nan,limpiar mis zapatos,,"hostile-attribution-scene1-q2-ans1
Final es-co & de translation review complete"
263,hostile-attribution-scene1-q2-ans2,hostile-attribution,nan,alejarme del chico,,"hostile-attribution-scene1-q2-ans2
Final es-co & de translation review complete"
264,hostile-attribution-scene1-q2-ans3,hostile-attribution,nan,empujar al chico al barro,,"hostile-attribution-scene1-q2-ans3
Final es-co & de translation review complete"
265,hostile-attribution-scene2-instruct1,hostile-attribution,nan,"Imagina que estás en el patio de recreo. Tú y otros niños están haciendo una carrera. Un niño está parado a un lado, haciendo rebotar una pelota de baloncesto.","Stell dir vor, du bist auf einem Spielplatz. Du und einige andere Kinder liefern sich ein Rennen. Ein Junge steht am Rand und wirft einen Basketball.","hostile-attribution-scene2-instruct1
Es-co complete, de still needs review."
266,hostile-attribution-scene2-instruct2,hostile-attribution,nan,"De repente, el chico hace rebotar la pelota y rueda bajo tus pies, haciéndote caer. Te raspas la rodilla, y alguien más gana la carrera.",,"hostile-attribution-scene2-instruct2
Es-co complete, de still needs review."
267,hostile-attribution-scene2-q1,hostile-attribution,nan,¿Crees que el chico te hizo caer a propósito o por accidente?,,"hostile-attribution-scene2-q1
Final es-co & de translation review complete"
268,hostile-attribution-scene2-q2,hostile-attribution,nan,Elige una de las tres opciones que tú harías:,,"hostile-attribution-scene2-q2
Final es-co & de translation review complete"
269,hostile-attribution-scene2-q2-ans1,hostile-attribution,nan,ir a otra zona del patio de recreo,,"hostile-attribution-scene2-q2-ans1
Final es-co & de translation review complete"
270,hostile-attribution-scene2-q2-ans2,hostile-attribution,nan,insultar al niño,etwas Gemeines zu ihm sagen,"hostile-attribution-scene2-q2-ans2
Final es-co & de translation review complete"
271,hostile-attribution-scene2-q2-ans3,hostile-attribution,nan,curar mi rodilla,,"hostile-attribution-scene2-q2-ans3
Final es-co & de translation review complete"
272,hostile-attribution-scene3-instruct1,hostile-attribution,nan,Imagina que estás trabajando en una tarea en tu escritorio.,,"hostile-attribution-scene3-instruct1
Final es-co & de translation review complete"
273,hostile-attribution-scene3-instruct2,hostile-attribution,nan,"Te levantas para sacarle punta a tu lápiz y, de regreso a tu escritorio, vas detrás de un niño que camina justo delante de ti. El niño pasa por tu escritorio antes de que tú llegues.",,"hostile-attribution-scene3-instruct2
Final es-co & de translation review complete"
274,hostile-attribution-scene3-instruct3,hostile-attribution,nan,"De repente, el chico tira todos los papeles que estaban en tu escritorio y ahora están regados en el suelo.","Das nächste ist, dass der Junge alle deine Papiere von deinem Schreibtisch geworfen hat und sie überall auf dem Boden liegen.","hostile-attribution-scene3-instruct3
Es-co complete, de still needs review."
275,hostile-attribution-scene3-q1,hostile-attribution,nan,¿Crees que el chico tiró tus papeles al suelo a propósito o por accidente?,"Glaubst du, der Junge hat deine Papiere absichtlich oder aus Versehen auf den Boden geworfen?","hostile-attribution-scene3-q1
Es-co complete, de still needs review."
276,hostile-attribution-scene3-q2,hostile-attribution,nan,Elige una de las tres opciones que tú harías:,,"hostile-attribution-scene3-q2
Final es-co & de translation review complete"
277,hostile-attribution-scene3-q2-ans1,hostile-attribution,nan,insultar al niño,ihn beleidigen,"hostile-attribution-scene3-q2-ans1
Final es-co & de translation review complete"
278,hostile-attribution-scene3-q2-ans2,hostile-attribution,nan,recoger los papeles,die Papiere aufsammeln,"hostile-attribution-scene3-q2-ans2
Final es-co & de translation review complete"
279,hostile-attribution-scene3-q2-ans3,hostile-attribution,nan,no hacer nada,nichts tun,"hostile-attribution-scene3-q2-ans3
Final es-co & de translation review complete"
280,hostile-attribution-scene1-by-accident,theory-of-mind,nan,por accidente,,"hostile-attribution-scene1-by-accident
Final es-co & de translation review complete"
281,hostile-attribution-scene1-on-purpose,theory-of-mind,nan,a propósito,absichtlich,"hostile-attribution-scene1-on-purpose
Final es-co & de translation review complete"
282,hostile-attribution-scene2-by-accident,theory-of-mind,nan,por accidente,aus Versehen,"hostile-attribution-scene2-by-accident
Final es-co & de translation review complete"
283,hostile-attribution-scene2-on-purpose,theory-of-mind,nan,a propósito,absichtlich,"hostile-attribution-scene2-on-purpose
Final es-co & de translation review complete"
284,hostile-attribution-scene3-by-accident,theory-of-mind,nan,por accidente,,"hostile-attribution-scene3-by-accident
Final es-co & de translation review complete"
285,hostile-attribution-scene3-on-purpose,theory-of-mind,nan,a propósito,absichtlich,"hostile-attribution-scene3-on-purpose
Final es-co & de translation review complete"
286,am,same-different-selection,nan,"Este es el juego de parejas. En este juego, vas a elegir conjuntos de cartas que se parecen de alguna manera. Primero, veamos algunas de las cartas que vas a ver.","Jetzt spielen wir ein Spiel, bei dem es darum geht, Karten auszuwählen, die auf irgendeine Art zusammenpassen. Lass uns mal schauen, wie die Karten aussehen, die du in dem Spiel sehen wirst. ","am
Final es-co & de translation review complete"
287,same-different-selection-touch-circle,same-different-selection,nan,Escoge la carta que tiene un círculo.,Wähle die Karte mit einem Kreis.,"same-different-selection-touch-circle
Final es-co & de translation review complete"
288,same-different-selection-touch-square,same-different-selection,nan,Escoge la carta que tiene un cuadrado.,,"same-different-selection-touch-square
Final es-co & de translation review complete"
289,same-different-selection-touch-triangle,same-different-selection,nan,Escoge la carta que tiene un triángulo.,,"same-different-selection-touch-triangle
Final es-co & de translation review complete"
290,same-different-selection-touch-star,same-different-selection,nan,Escoge la carta que tiene una estrella.,Wähle die Karte mit einem Stern.,"same-different-selection-touch-star
Final es-co & de translation review complete"
291,same-different-selection-touch-green,same-different-selection,nan,Escoge la carta que tiene una figura verde.,Wähle die Karte mit einer grünen Form.,"same-different-selection-touch-green
Final es-co & de translation review complete"
292,same-different-selection-touch-red,same-different-selection,nan,Escoge la carta que tiene una figura roja.,Wähle die Karte mit einer roten Form.,"same-different-selection-touch-red
Final es-co & de translation review complete"
293,same-different-selection-touch-blue,same-different-selection,nan,Escoge la carta que tiene una figura azul.,Wähle die Karte mit einer blauen Form.,"same-different-selection-touch-blue
Final es-co & de translation review complete"
294,same-different-selection-touch-yellow,same-different-selection,nan,Escoge la carta que tiene una figura amarilla.,,"same-different-selection-touch-yellow
Final es-co & de translation review complete"
295,same-different-selection-touch-small,same-different-selection,nan,Escoge la carta que tiene una figura pequeña.,Wähle die Karte mit einer kleinen Form.,"same-different-selection-touch-small
Final es-co & de translation review complete"
296,same-different-selection-touch-medium,same-different-selection,nan,Escoge la carta que tiene una figura mediana.,Wähle die Karte mit einer mittelgroßen Form.,"same-different-selection-touch-medium
Final es-co & de translation review complete"
297,same-different-selection-touch-large,same-different-selection,nan,Escoge la carta que tiene una figura grande.,,"same-different-selection-touch-large
Final es-co & de translation review complete"
298,same-different-selection-touch-white,same-different-selection,nan,Escoge la estrella en la carta blanca.,,"same-different-selection-touch-white
Final es-co & de translation review complete"
299,same-different-selection-touch-gray,same-different-selection,nan,Escoge la estrella en la carta gris.,,"same-different-selection-touch-gray
Final es-co & de translation review complete"
300,same-different-selection-touch-black,same-different-selection,nan,Escoge la estrella en la carta negra.,Wähle den Stern auf der schwarzen Karte.,"same-different-selection-touch-black
Final es-co & de translation review complete"
301,same-different-selection-touch-striped,same-different-selection,nan,Escoge la estrella en la carta con rayas.,,"same-different-selection-touch-striped
Final es-co & de translation review complete"
302,same-different-selection-touch-1,same-different-selection,nan,Escoge la carta con 1 estrella.,,"same-different-selection-touch-1
Final es-co & de translation review complete"
303,same-different-selection-touch-2,same-different-selection,nan,Escoge la carta con 2 estrellas.,Wähle die Karte mit zwei Sternen.,"same-different-selection-touch-2
Final es-co & de translation review complete"
304,same-different-selection-touch-3,same-different-selection,nan,Escoge la carta con 3 estrellas.,Wähle die Karte mit drei Sternen.,"same-different-selection-touch-3
Final es-co & de translation review complete"
305,same-different-selection-touch-4,same-different-selection,nan,Escoge la carta con 4 estrellas.,,"same-different-selection-touch-4
Final es-co & de translation review complete"
306,same-different-selection-instruct2,same-different-selection,nan,Ahora vas a ver dos cartas que son iguales de alguna manera. Luego vas a ver una nueva carta que se parece a una de esas cartas. Tu trabajo es elegir la carta que se parece en algo a esa nueva carta.,,"same-different-selection-instruct2
Final es-co & de translation review complete"
307,same-different-selection-instruct3,same-different-selection,nan,"Ahora vas a ver tres cartas y debes escoger dos que sean iguales de alguna manera. Luego vas a ver las mismas tres cartas, pero  vas a escoger otras dos cartas que sean iguales de alguna otra manera.","Jetzt siehst du drei Karten und wählst zwei aus, die auf irgendeine Weise gleich sind. Dann siehst du dieselben Karten noch einmal und wählst zwei Karten aus, die auf eine andere Weise gleich sind.","same-different-selection-instruct3
Final es-co & de translation review complete"
308,same-different-selection-both-circles,same-different-selection,nan,Aquí hay dos cartas. Son iguales en algo. Ambas tienen círculos.,Hier sind zwei Karten. Sie haben etwas gemeinsam. Beide zeigen Kreise.,"same-different-selection-both-circles
Final es-co & de translation review complete"
309,same-different-selection-both-squares,same-different-selection,nan,Aquí hay dos cartas. Son iguales en algo. Ambas tienen cuadrados.,,"same-different-selection-both-squares
Final es-co & de translation review complete"
310,same-different-selection-both-triangles,same-different-selection,nan,Aquí hay dos cartas. Son iguales en algo. Ambas tienen triángulos.,,"same-different-selection-both-triangles
Final es-co & de translation review complete"
311,same-different-selection-both-red,same-different-selection,nan,Aquí hay dos cartas. Son iguales en algo. Ambas tienen figuras rojas.,Hier sind zwei Karten. Sie haben etwas gemeinsam. Beide zeigen Formen.,"same-different-selection-both-red
Final es-co & de translation review complete"
312,same-different-selection-both-green,same-different-selection,nan,Aquí hay dos cartas. Son iguales en algo. Ambas tienen figuras verdes.,,"same-different-selection-both-green
Final es-co & de translation review complete"
313,same-different-selection-both-yellow,same-different-selection,nan,Aquí hay dos cartas. Son iguales en algo. Ambas tienen figuras amarillas.,,"same-different-selection-both-yellow
Final es-co & de translation review complete"
314,same-different-selection-both-blue,same-different-selection,nan,Aquí hay dos cartas. Son iguales en algo. Ambas tienen figuras azules.,,"same-different-selection-both-blue
Final es-co & de translation review complete"
315,same-different-selection-both-small,same-different-selection,nan,Aquí hay dos cartas. Son iguales en algo. Ambas tienen figuras pequeñas.,,"same-different-selection-both-small
Final es-co & de translation review complete"
316,same-different-selection-both-medium,same-different-selection,nan,Aquí hay dos cartas. Son iguales en algo. Ambas tienen figuras medianas.,,"same-different-selection-both-medium
Final es-co & de translation review complete"
317,same-different-selection-both-large,same-different-selection,nan,Aquí hay dos cartas. Son iguales en algo. Ambas tienen figuras grandes.,Hier sind zwei Karten. Sie haben etwas gemeinsam. Beide zeigen große Formen.,"same-different-selection-both-large
Final es-co & de translation review complete"
318,sds-prompt3,same-different-selection,nan,Aquí hay otra carta. ¿Cuál de estas tiene algo que es igual a esta?,Hier ist eine weitere Karte. Welche Karte sieht dieser ähnlich? ,"sds-prompt3
Final es-co & de translation review complete"
319,sds-3match-prompt2,same-different-selection,nan,Aquí están otra vez las mismas cartas. Ahora debe escoger dos cartas que sean pareja porque son iguales en algo diferente.,,"sds-3match-prompt2
Final es-co & de translation review complete"
320,sds-2match-prompt1,same-different-selection,nan,Aquí hay un nuevo grupo de cartas. Escoge dos cartas que sean iguales en algún aspecto. ,"Hier sind neue Karten. Wähle zwei Karten aus, die in irgendeiner Weise gleich sind.","sds-2match-prompt1
Final es-co & de translation review complete"
321,sds-2match-prompt2,same-different-selection,nan,Escoge dos cartas que sean pareja porque son iguales en algo diferente. ,,"sds-2match-prompt2
Final es-co & de translation review complete"
322,sds-3unique-prompt1,same-different-selection,nan,Escoge tres cartas que sean iguales en un solo aspecto. ,,"sds-3unique-prompt1
Final es-co & de translation review complete"
323,sds-3unique-prompt2,same-different-selection,nan,Escoge otras tres cartas que sean iguales en un solo aspecto.,"Wähle drei weitere Karten aus, die auf unterschiedliche Art und Weise gleich sind.","sds-3unique-prompt2
Final es-co & de translation review complete"
324,memory-game-display,memory-game,nan,Observa cómo se iluminan los cuadrados.,,"memory-game-display
Final es-co & de translation review complete"
325,memory-game-input,memory-game,nan,Selecciona los cuadrados en el orden en que fueron destacados.,,"memory-game-input
Final es-co & de translation review complete"
326,memory-game-instruct1,memory-game,nan,Este es el juego de la memoria. Las reglas son las siguientes.,,"memory-game-instruct1
Final es-co & de translation review complete"
327,memory-game-instruct2,memory-game,nan,Verás que los cuadrados se iluminan.,You will see squares light up.,"memory-game-instruct2
Final es-co & de translation review complete"
328,memory-game-instruct3,memory-game,nan,Vas a tocar los cuadrados en el mismo orden.,,"memory-game-instruct3
Final es-co & de translation review complete"
329,memory-game-instruct4,memory-game,nan,¡Observa con atención! Intenta recordar el orden.,,"memory-game-instruct4
Final es-co & de translation review complete"
330,memory-game-forward-prompt,memory-game,nan,Escoge los cuadrados en el mismo orden.,,"memory-game-forward-prompt
Final es-co & de translation review complete"
331,memory-game-forward-try-again,memory-game,nan,La respuesta no es correcta.  Inténtalo de nuevo. Escoge los cuadrados en el mismo orden.,Das ist nicht richtig. Versuch es noch einmal. Wähle die Quadrate in der gleichen Reihenfolge.,"memory-game-forward-try-again
"
332,memory-game-instruct5,memory-game,nan,Esta vez el juego no te dirá si la respuesta es correcta o no. ¡Empecemos a jugar al juego de memoria!,,"memory-game-instruct5
Final es-co & de translation review complete"
333,memory-game-instruct7,memory-game,nan,¡Empecemos a jugar al juego de memoria!,,"memory-game-instruct7
Final es-co & de translation review complete"
334,memory-game-backward-prompt,memory-game,nan,Escoge los cuadrados siguiendo el orden inverso a la secuencia.,,"memory-game-backward-prompt
Final es-co & de translation review complete"
335,memory-game-backward-try-again,memory-game,nan,La respuesta no es correcta.  Inténtalo de nuevo. Escoge los cuadrados en orden inverso.,,"memory-game-backward-try-again
"
336,heart-instruct1,hearts-and-flowers,nan,Este es el juego del corazón. Las reglas son las siguientes.,,"heart-instruct1
Final es-co & de translation review complete"
337,heart-instruct2,hearts-and-flowers,nan,"Cuando veas un corazón, presiona el botón del mismo lado.",,"heart-instruct2
Final es-co & de translation review complete"
338,hearts-and-flowers-try-again,hearts-and-flowers,nan,Eso no está bien. Inténtalo de nuevo.,,"hearts-and-flowers-try-again
Final es-co & de translation review complete"
339,heart-practice-feedback1,hearts-and-flowers,nan,El corazón está en el lado derecho. Presiona el botón derecho.,,"heart-practice-feedback1
Final es-co & de translation review complete"
340,hearts-and-flowers-practice-time,hearts-and-flowers,nan,¡Es hora de practicar!,,"hearts-and-flowers-practice-time
Final es-co & de translation review complete"
341,heart-practice-feedback2,hearts-and-flowers,nan,"¡Recuerda! Cuando veas un CORAZÓN, presiona el botón del MISMO lado.",,"heart-practice-feedback2
Final es-co & de translation review complete"
342,hearts-and-flowers-instruct1,hearts-and-flowers,nan,Esta vez el juego irá más rápido. No te dirá si la respuesta es correcta o no. ¡Trata de seguir el ritmo!,"Jetzt spielen wir das Spiel schneller. Es wird dir nicht sagen, ob du richtig oder falsch liegst. Versuch hinterherzukommen!","hearts-and-flowers-instruct1
Final es-co & de translation review complete"
343,hearts-and-flowers-instruct2,hearts-and-flowers,nan,"Intenta responder lo más rápido que puedas sin cometer errores. Si cometes un error, ¡sigue adelante!",,"hearts-and-flowers-instruct2
Final es-co & de translation review complete"
344,hearts-and-flowers-play-time,hearts-and-flowers,nan,¡Hora de jugar!,,"hearts-and-flowers-play-time
Final es-co & de translation review complete"
345,flower-instruct1,hearts-and-flowers,nan,Este es el juego de las flores. Las reglas son las siguientes.,,"flower-instruct1
Final es-co & de translation review complete"
346,flower-instruct2,hearts-and-flowers,nan,"Cuando veas una flor, presiona el botón del lado opuesto.","When you see a flower, press the button on the opposite side.","flower-instruct2
Final es-co & de translation review complete"
347,flower-practice-feedback1,hearts-and-flowers,nan,La flor está en el lado izquierdo. Presione el botón derecho.,The flower is on the left side. Press the right button.,"flower-practice-feedback1
Final es-co & de translation review complete"
348,flower-practice-feedback2,hearts-and-flowers,nan,"Cuando veas una FLOR, presiona el botón en el lado OPUESTO.","When you see a FLOWER, press the button on the OPPOSITE side.","flower-practice-feedback2
Final es-co & de translation review complete"
349,hearts-and-flowers-instruct3,hearts-and-flowers,nan,"Ahora, vamos a jugar un juego con corazones y flores.","Now, we're going to play a game with hearts and flowers.","hearts-and-flowers-instruct3
Final es-co & de translation review complete"
350,hearts-and-flowers-encourage1,hearts-and-flowers,nan,¡Trata de seguir el ritmo!,Try to keep up!,"hearts-and-flowers-encourage1
Final es-co & de translation review complete"
351,hearts-and-flowers-encourage2,hearts-and-flowers,nan,"Si cometes un error, ¡sigue adelante!","If you make a mistake, just keep going!","hearts-and-flowers-encourage2
Final es-co & de translation review complete"
352,hearts-and-flowers-end,hearts-and-flowers,nan,"¡Bien hecho, has terminado el juego!",Gut gemacht! Dieses Spiel ist jetzt zu Ende.,"hearts-and-flowers-end
Final es-co & de translation review complete"
353,vocab-item-001,vocab,nan,la bellota,die eichel,"vocab-item-001
"
354,vocab-item-002,vocab,nan,el áloe,,"vocab-item-002
"
355,vocab-item-003,vocab,nan,la antena,die antenne,"vocab-item-003
"
356,vocab-item-004,vocab,nan,la alcachofa,,"vocab-item-004
"
357,vocab-item-005,vocab,nan,el bambú,der bambus,"vocab-item-005
"
358,vocab-item-006,vocab,nan,el barril,,"vocab-item-006
"
359,vocab-item-007,vocab,nan,la licuadora,der mixer,"vocab-item-007
"
360,vocab-item-008,vocab,nan,el soplador,das gebläse,"vocab-item-008
"
361,vocab-item-009,vocab,nan,el ramo,der blumenstrauß,"vocab-item-009
"
362,vocab-item-010,vocab,nan,el bufé,das buffet,"vocab-item-010
"
363,vocab-item-011,vocab,nan,la excavadora,,"vocab-item-011
"
364,vocab-item-012,vocab,nan,el pastel,,"vocab-item-012
"
365,vocab-item-013,vocab,nan,el caramelo,das karamell,"vocab-item-013
"
366,vocab-item-014,vocab,nan,el carrusel,das karussell,"vocab-item-014
"
367,vocab-item-015,vocab,nan,la zanahoria,,"vocab-item-015
"
368,vocab-item-016,vocab,nan,el casete,,"vocab-item-016
"
369,vocab-item-017,vocab,nan,el queso,,"vocab-item-017
"
370,vocab-item-018,vocab,nan,la capucha,der mantel,"vocab-item-018
"
371,vocab-item-019,vocab,nan,la pinza para la ropa,die wäscheklammer,"vocab-item-019
"
372,vocab-item-020,vocab,nan,el portavasos,der untersetzer,"vocab-item-020
"
373,vocab-item-021,vocab,nan,el corcho,,"vocab-item-021
"
374,vocab-item-022,vocab,nan,el pan de maíz,,"vocab-item-022
"
375,vocab-item-023,vocab,nan,el corsé,das korsett,"vocab-item-023
"
376,vocab-item-024,vocab,nan,el dumpling,der Teigtaschen,"vocab-item-024
"
377,vocab-item-025,vocab,nan,el codo,der ellbogen,"vocab-item-025
"
378,vocab-item-026,vocab,nan,el ventilador,der ventilator,"vocab-item-026
"
379,vocab-item-027,vocab,nan,la espuma,der schaumstoff,"vocab-item-027
"
380,vocab-item-028,vocab,nan,la lavapiés,das fußbad,"vocab-item-028
"
381,vocab-item-029,vocab,nan,el pastel de frutas,der obstkuchen,"vocab-item-029
"
382,vocab-item-030,vocab,nan,la canaleta,die dachrinne,"vocab-item-030
"
383,vocab-item-031,vocab,nan,el hámster,der hamster,"vocab-item-031
"
384,vocab-item-032,vocab,nan,el erizo,der igel,"vocab-item-032
"
385,vocab-item-033,vocab,nan,la azadilla,die hacke,"vocab-item-033
"
386,vocab-item-034,vocab,nan,la golosa,,"vocab-item-034
"
387,vocab-item-035,vocab,nan,el kimono,der kimono,"vocab-item-035
"
388,vocab-item-036,vocab,nan,el cerrojo,der riegel,"vocab-item-036
"
389,vocab-item-037,vocab,nan,el casillero,das schließfach,"vocab-item-037
"
390,vocab-item-038,vocab,nan,la chupeta,der lollipop,"vocab-item-038
"
391,vocab-item-039,vocab,nan,el mapa,,"vocab-item-039
"
392,vocab-item-040,vocab,nan,el malvavisco,der marshmallow,"vocab-item-040
"
393,vocab-item-041,vocab,nan,la malla,das netz,"vocab-item-041
"
394,vocab-item-042,vocab,nan,el aceite,,"vocab-item-042
"
395,vocab-item-043,vocab,nan,la tortilla,,"vocab-item-043
"
396,vocab-item-044,vocab,nan,la tarta,der kuchen,"vocab-item-044
"
397,vocab-item-045,vocab,nan,el pistacho,die pistazien,"vocab-item-045
"
398,vocab-item-046,vocab,nan,la jarra,der krug,"vocab-item-046
"
399,vocab-item-047,vocab,nan,la papa,,"vocab-item-047
"
400,vocab-item-048,vocab,nan,el prisma,das prisma,"vocab-item-048
"
401,vocab-item-049,vocab,nan,el charco,die pfütze,"vocab-item-049
"
402,vocab-item-050,vocab,nan,la bomba de agua,,"vocab-item-050
"
403,vocab-item-051,vocab,nan,el arroz,,"vocab-item-051
"
404,vocab-item-052,vocab,nan,la silla de montar,der sattel,"vocab-item-052
"
405,vocab-item-053,vocab,nan,el saco de arena,der sandsack,"vocab-item-053
"
406,vocab-item-054,vocab,nan,el andamio,das gerüst,"vocab-item-054
"
407,vocab-item-055,vocab,nan,el cucharón,,"vocab-item-055
"
408,vocab-item-056,vocab,nan,la gaviota,,"vocab-item-056
"
409,vocab-item-057,vocab,nan,el barco,,"vocab-item-057
"
410,vocab-item-058,vocab,nan,la ducha,,"vocab-item-058
"
411,vocab-item-059,vocab,nan,los cubiertos,,"vocab-item-059
"
412,vocab-item-060,vocab,nan,el lavabo,,"vocab-item-060
"
413,vocab-item-061,vocab,nan,el esquí,der ski,"vocab-item-061
"
414,vocab-item-062,vocab,nan,el oso perozoso,,"vocab-item-062
"
415,vocab-item-063,vocab,nan,el caracol,,"vocab-item-063
"
416,vocab-item-064,vocab,nan,el sorbete,das sorbet,"vocab-item-064
"
417,vocab-item-065,vocab,nan,la espátula,,"vocab-item-065
"
418,vocab-item-066,vocab,nan,el aspersor,der sprinkler,"vocab-item-066
"
419,vocab-item-067,vocab,nan,la calabaza,,"vocab-item-067
"
420,vocab-item-068,vocab,nan,la ardilla,,"vocab-item-068
"
421,vocab-item-069,vocab,nan,el guiso,,"vocab-item-069
"
422,vocab-item-070,vocab,nan,la banda elástica,,"vocab-item-070
"
423,vocab-item-071,vocab,nan,el tocón,,"vocab-item-071
"
424,vocab-item-072,vocab,nan,el girasol,die sonnenblume,"vocab-item-072
"
425,vocab-item-073,vocab,nan,el pez espada,der schwertfisch,"vocab-item-073
"
426,vocab-item-074,vocab,nan,el tapiz,der wandteppich,"vocab-item-074
"
427,vocab-item-075,vocab,nan,la bolsa de té,,"vocab-item-075
"
428,vocab-item-076,vocab,nan,el telescopio,,"vocab-item-076
"
429,vocab-item-077,vocab,nan,el termo,,"vocab-item-077
"
430,vocab-item-078,vocab,nan,el tesoro,,"vocab-item-078
"
431,vocab-item-079,vocab,nan,la trompeta,die trompete,"vocab-item-079
"
432,vocab-item-080,vocab,nan,el tulipán,,"vocab-item-080
"
433,vocab-item-081,vocab,nan,la turbina,,"vocab-item-081
"
434,vocab-item-082,vocab,nan,el pavo,der truthahn,"vocab-item-082
"
435,vocab-item-083,vocab,nan,la tortuga,,"vocab-item-083
"
436,vocab-item-084,vocab,nan,la máquina de escribir,die schreibmaschine,"vocab-item-084
"
437,vocab-item-085,vocab,nan,la sandía,,"vocab-item-085
"
438,vocab-item-086,vocab,nan,la rueda hidráulica,das wasserrad,"vocab-item-086
"
439,vocab-item-087,vocab,nan,la hormiga,die ameise,"vocab-item-087
"
440,vocab-item-088,vocab,nan,la pelota,der kugel,"vocab-item-088
"
441,vocab-item-089,vocab,nan,el oso,der bär,"vocab-item-089
"
442,vocab-item-090,vocab,nan,el pato,,"vocab-item-090
"
443,vocab-item-091,vocab,nan,el tenedor,,"vocab-item-091
"
444,vocab-item-092,vocab,nan,el gatito,,"vocab-item-092
"
445,vocab-item-093,vocab,nan,la rodilla,,"vocab-item-093
"
446,vocab-item-094,vocab,nan,la malteada,der milchshake,"vocab-item-094
"
447,vocab-item-095,vocab,nan,la piel,der haut,"vocab-item-095
"
448,vocab-item-096,vocab,nan,el muro,die wand,"vocab-item-096
"
449,vocab-item-097,vocab,nan,la rueda,,"vocab-item-097
"
450,vocab-item-098,vocab,nan,la granja,der bauernhof,"vocab-item-098
"
451,vocab-item-099,vocab,nan,malabarismo,,"vocab-item-099
"
452,vocab-item-100,vocab,nan,el aderezo,,"vocab-item-100
"
453,vocab-item-101,vocab,nan,el techo,,"vocab-item-101
"
454,vocab-item-102,vocab,nan,espiando,peeking,"vocab-item-102
"
455,vocab-item-103,vocab,nan,la regla,das lineal,"vocab-item-103
"
456,vocab-item-104,vocab,nan,el túnel,,"vocab-item-104
"
457,vocab-item-105,vocab,nan,el sobre,der umschlag,"vocab-item-105
"
458,vocab-item-106,vocab,nan,el diamante,,"vocab-item-106
"
459,vocab-item-107,vocab,nan,el calendario,der kalender,"vocab-item-107
"
460,vocab-item-108,vocab,nan,el panda,,"vocab-item-108
"
461,vocab-item-109,vocab,nan,la flecha,der pfeil,"vocab-item-109
"
462,vocab-item-110,vocab,nan,cosecha,,"vocab-item-110
"
463,vocab-item-111,vocab,nan,goteo,,"vocab-item-111
"
464,vocab-item-112,vocab,nan,,,"vocab-item-112
"
465,vocab-item-113,vocab,nan,,,"vocab-item-113
"
466,vocab-item-114,vocab,nan,,der zahnarzt,"vocab-item-114
"
467,vocab-item-115,vocab,nan,,der Klauenhammer,"vocab-item-115
"
468,vocab-item-116,vocab,nan,,,"vocab-item-116
"
469,vocab-item-117,vocab,nan,,furry,"vocab-item-117
"
470,vocab-item-118,vocab,nan,,der kormoran,"vocab-item-118
"
471,vocab-item-119,vocab,nan,,fetch,"vocab-item-119
"
472,vocab-item-120,vocab,nan,,die arkade,"vocab-item-120
"
473,vocab-item-121,vocab,nan,,das artefakt,"vocab-item-121
"
474,vocab-item-122,vocab,nan,,aversion,"vocab-item-122
"
475,vocab-item-123,vocab,nan,,die baskenmütze,"vocab-item-123
"
476,vocab-item-124,vocab,nan,,applaud,"vocab-item-124
"
477,vocab-item-125,vocab,nan,,,"vocab-item-125
"
478,vocab-item-126,vocab,nan,,,"vocab-item-126
"
479,vocab-item-127,vocab,nan,,,"vocab-item-127
"
480,vocab-item-128,vocab,nan,,,"vocab-item-128
"
481,vocab-item-129,vocab,nan,,,"vocab-item-129
"
482,vocab-item-130,vocab,nan,,,"vocab-item-130
"
483,vocab-item-131,vocab,nan,,,"vocab-item-131
"
484,vocab-item-132,vocab,nan,,,"vocab-item-132
"
485,vocab-item-133,vocab,nan,,,"vocab-item-133
"
486,vocab-item-134,vocab,nan,,,"vocab-item-134
"
487,vocab-item-135,vocab,nan,,,"vocab-item-135
"
488,vocab-item-136,vocab,nan,,,"vocab-item-136
"
489,vocab-item-137,vocab,nan,,,"vocab-item-137
"
490,vocab-item-138,vocab,nan,,,"vocab-item-138
"
491,vocab-item-139,vocab,nan,,,"vocab-item-139
"
492,vocab-item-140,vocab,nan,,,"vocab-item-140
"
493,vocab-item-141,vocab,nan,,,"vocab-item-141
"
494,vocab-item-142,vocab,nan,,,"vocab-item-142
"
495,vocab-item-143,vocab,nan,,,"vocab-item-143
"
496,vocab-item-144,vocab,nan,,,"vocab-item-144
"
497,vocab-item-145,vocab,nan,,,"vocab-item-145
"
498,vocab-item-146,vocab,nan,,,"vocab-item-146
"
499,vocab-item-147,vocab,nan,,,"vocab-item-147
"
500,vocab-item-148,vocab,nan,,,"vocab-item-148
"
501,vocab-item-149,vocab,nan,,,"vocab-item-149
"
502,vocab-item-150,vocab,nan,,,"vocab-item-150
"
503,vocab-item-151,vocab,nan,,,"vocab-item-151
"
504,vocab-item-152,vocab,nan,,,"vocab-item-152
"
505,vocab-item-153,vocab,nan,,,"vocab-item-153
"
506,vocab-item-154,vocab,nan,,,"vocab-item-154
"
507,vocab-item-155,vocab,nan,,,"vocab-item-155
"
508,vocab-item-156,vocab,nan,,,"vocab-item-156
"
509,vocab-item-157,vocab,nan,,,"vocab-item-157
"
510,vocab-item-158,vocab,nan,,,"vocab-item-158
"
511,vocab-item-159,vocab,nan,,,"vocab-item-159
"
512,vocab-item-160,vocab,nan,,,"vocab-item-160
"
513,vocab-item-161,vocab,nan,,,"vocab-item-161
"
514,vocab-item-162,vocab,nan,,,"vocab-item-162
"
515,vocab-item-163,vocab,nan,,,"vocab-item-163
"
516,vocab-item-164,vocab,nan,,,"vocab-item-164
"
517,vocab-item-165,vocab,nan,,,"vocab-item-165
"
518,vocab-item-166,vocab,nan,,,"vocab-item-166
"
519,vocab-item-167,vocab,nan,,,"vocab-item-167
"
520,vocab-item-168,vocab,nan,,,"vocab-item-168
"
521,vocab-item-169,vocab,nan,,,"vocab-item-169
"
522,vocab-item-170,vocab,nan,,,"vocab-item-170
"
523,vocab-instruct-1,vocab,nan,,,"vocab-instruct-1
"
524,vocab-practice-1,vocab,nan,,,"vocab-practice-1
"
525,vocab-instruct-2,vocab,nan,,,"vocab-instruct-2
"
526,vocab-instruct-3,vocab,nan,,,"vocab-instruct-3
"
527,shared-intro-devices,trog,nan,,,"shared-intro-devices
"
528,shared-choose-picture-press-arrow,trog,nan,,,"shared-choose-picture-press-arrow
"
529,shared-intro-replay,trog,nan,,,"shared-intro-replay
"
530,trog-instr1-matching,trog,nan,,,"trog-instr1-matching
"
531,ChildSurveyIntro,survey,nan,,,"ChildSurveyIntro
"
532,Example1Comic,survey,nan,,,"Example1Comic
"
533,Example2Neat,survey,nan,,,"Example2Neat
"
534,TeacherNice,survey,nan,,,"TeacherNice
"
535,TeacherLike,survey,nan,,,"TeacherLike
"
536,TeacherListen,survey,nan,,,"TeacherListen
"
537,SchoolFun,survey,nan,,,"SchoolFun
"
538,SchoolEnjoy,survey,nan,,,"SchoolEnjoy
"
539,SchoolHappy,survey,nan,,,"SchoolHappy
"
540,SchoolSafe,survey,nan,,,"SchoolSafe
"
541,ClassFriends,survey,nan,,,"ClassFriends
"
542,ClassHelp,survey,nan,,,"ClassHelp
"
543,ClassPlay,survey,nan,,,"ClassPlay
"
544,ClassNice,survey,nan,,,"ClassNice
"
545,LonelySchool,survey,nan,,,"LonelySchool
"
546,LearningGood,survey,nan,,,"LearningGood
"
547,SchoolGiveUp,survey,nan,,,"SchoolGiveUp
"
548,ReadingEnjoy,survey,nan,,,"ReadingEnjoy
"
549,MathEnjoy,survey,nan,,,"MathEnjoy
"
550,ReadingGood,survey,nan,,,"ReadingGood
"
551,MathGood,survey,nan,,,"MathGood
"
552,GrowthMindSmart,survey,nan,,,"GrowthMindSmart
"
553,GrowthMindRead,survey,nan,,,"GrowthMindRead
"
554,GrowthMindMath,survey,nan,,,"GrowthMindMath
"
555,ChildSurveyRespoonses,survey,nan,,,"ChildSurveyRespoonses
"
556,ToM-scene7-instruct1,,nan,,,"ToM-scene7-instruct1
"
557,ToM-scene7-instruct2,,nan,,,"ToM-scene7-instruct2
"
558,ToM-scene7-instruct3,,nan,,,"ToM-scene7-instruct3
"
559,ToM-scene7-q1-false_belief,,nan,,,"ToM-scene7-q1-false_belief
"
560,ToM-scene7-q2-reality_check,,nan,,,"ToM-scene7-q2-reality_check
"
561,ToM-scene8-instruct1,,nan,,,"ToM-scene8-instruct1
"
562,ToM-scene8-instruct2,,nan,,,"ToM-scene8-instruct2
"
563,ToM-scene8-instruct3,,nan,,,"ToM-scene8-instruct3
"
564,ToM-scene8-q1-false_belief,,nan,,,"ToM-scene8-q1-false_belief
"
565,top,,nan,,,"top
"
566,behind,,nan,,,"behind
"
567,ToM-scene-8-instruct4,,nan,,,"ToM-scene-8-instruct4
"
568,ToM-scene-8-q2-emotion_reasoning,,nan,,,"ToM-scene-8-q2-emotion_reasoning
"
569,ToM-scene-8-q3-emotion_reasoning,,nan,,,"ToM-scene-8-q3-emotion_reasoning
"
570,ToM-scene-8-q4-false_belief,,nan,,,"ToM-scene-8-q4-false_belief
"
571,ToM-scene-8-q5-false_belief,,nan,,,"ToM-scene-8-q5-false_belief
"
572,ToM-scene-8-q6-reality_check,,nan,,,"ToM-scene-8-q6-reality_check
"
573,ToM-scene-8-q7-reality_check,,nan,,,"ToM-scene-8-q7-reality_check
"
574,ToM-scene-9-instruct1,,nan,,,"ToM-scene-9-instruct1
"
575,ToM-scene-9-instruct2,,nan,,,"ToM-scene-9-instruct2
"
576,ToM-scene-9-q1-reality_check,,nan,,,"ToM-scene-9-q1-reality_check
"
577,hill,,nan,,,"hill
"
578,cup,,nan,,,"cup
"
579,ToM-scene-9-q2-false_belief,,nan,,,"ToM-scene-9-q2-false_belief
"
580,ToM-scene-9-q3-reality_check,,nan,,,"ToM-scene-9-q3-reality_check
"
581,hillsbook,,nan,,,"hillsbook
"
582,cupbook,,nan,,,"cupbook
"
583,ToM-scene-9-q4-emotion_reasoning,,nan,,,"ToM-scene-9-q4-emotion_reasoning
"
584,ToM-scene-10-instruct1,,nan,,,"ToM-scene-10-instruct1
"
585,ToM-scene-10-instruct2,,nan,,,"ToM-scene-10-instruct2
"
586,ToM-scene-10-q1-emotion_reasoning,,nan,,,"ToM-scene-10-q1-emotion_reasoning
"
587,ToM-scene-10-q2-emotion_reasoning,,nan,,,"ToM-scene-10-q2-emotion_reasoning
"
588,ToM-scene-10-instruct3,,nan,,,"ToM-scene-10-instruct3
"
589,ToM-scene-10-q3-reality_check,,nan,,,"ToM-scene-10-q3-reality_check
"
590,ToM-scene-10-q4-reality_check,,nan,,,"ToM-scene-10-q4-reality_check
"
591,ToM-scene-10-instruct4,,nan,,,"ToM-scene-10-instruct4
"
592,ToM-scene-10-q5-false_belief,,nan,,,"ToM-scene-10-q5-false_belief
"
593,ToM-scene-10-q6-reality_check,,nan,,,"ToM-scene-10-q6-reality_check
"
594,ToM-scene-11-instruct1,,nan,,,"ToM-scene-11-instruct1
"
595,ToM-scene-11-instruct2,,nan,,,"ToM-scene-11-instruct2
"
596,ToM-scene-11-q1-reference,,nan,,,"ToM-scene-11-q1-reference
"
597,ToM-scene-11-q2-reality_check,,nan,,,"ToM-scene-11-q2-reality_check
"
598,baseball,,nan,,,"baseball
"
599,soccerball,,nan,,,"soccerball
"
600,basketball,,nan,,,"basketball
"
601,ToM-scene-11-q3-emotion_reasoning,,nan,,,"ToM-scene-11-q3-emotion_reasoning
"
602,ToM-scene-11-q4-emotion_reasoning,,nan,,,"ToM-scene-11-q4-emotion_reasoning
"
603,ToM-scene-12-instruct1,,nan,,,"ToM-scene-12-instruct1
"
604,ToM-scene-12-instruct2,,nan,,,"ToM-scene-12-instruct2
"
605,ToM-scene-12-q1-false_belief,,nan,,,"ToM-scene-12-q1-false_belief
"
606,ToM-scene-12-instruct3,,nan,,,"ToM-scene-12-instruct3
"
607,ToM-scene-12-q2-false_belief,,nan,,,"ToM-scene-12-q2-false_belief
"
608,ToM-scene-12-q3-false_belief,,nan,,,"ToM-scene-12-q3-false_belief
"
609,greenball,,nan,,,"greenball
"
610,redball,,nan,,,"redball
"
611,purpleball,,nan,,,"purpleball
"
612,ToM-scene-12-instruct4,,nan,,,"ToM-scene-12-instruct4
"
613,ToM-scene-12-q4-reality_check,,nan,,,"ToM-scene-12-q4-reality_check
"
614,ToM-scene-12-q5-reality_check,,nan,,,"ToM-scene-12-q5-reality_check
"
615,ToM-scene-12-instruct5,,nan,,,"ToM-scene-12-instruct5
"
