old_flat_key,new_flat_key,oldDefault,newDefault,olden,newen,olden-US,newen-US,oldde,newde,oldde-DE,newde-DE,oldes,newes,oldesCO,newesCO
,completeText,missing key,Finish,missing key,Finish,missing key,Finish,missing key,Beenden,missing key,missing key,missing key,missing key,missing key,Terminar
,pageNextText,missing key,Next,missing key,Next,missing key,Next,missing key,Weiter,missing key,Weiter,missing key,missing key,missing key,Siguiente
,pagePrevText,missing key,Previous,missing key,Previous,missing key,Previous,missing key,Zurück,missing key,missing key,missing key,missing key,missing key,Anterior
,pages_0_elements_0_html,missing key,"Thank you for participating in this research project!<br> The following survey will take approximately 10 minutes to complete and will ask questions about your home and yourself. <br><br> We appreciate you answering as completely and accurately as possible with the information you have available to you. If you have questions about this survey, please reach out to the research coordinator. <br><br>When you are ready to begin, select the “start survey” button. <br><br>Thank you",missing key,"Thank you for participating in this research project!<br> The following survey will take approximately 10 minutes to complete and will ask questions about your home and yourself. <br><br> We appreciate you answering as completely and accurately as possible with the information you have available to you. If you have questions about this survey, please reach out to the research coordinator. <br><br>When you are ready to begin, select the “start survey” button. <br><br>Thank you""",missing key,"Thank you again for participating in this research project!<br> 
The following survey will take approximately 20-30 minutes to complete and will ask questions about your home and yourself. <br><br> We appreciate you answering as completely and accurately as possible with the information you have available to you. If you have questions about this survey, please reach out to the research coordinator. <br><br>When you are ready to begin, select the “start survey” button. <br><br>
Thank you""",missing key,"Nochmals vielen Dank für die Teilnahme an diesem Forschungsprojekt! <p><br>Dieser Teil der Umfrage dauert etwa 20-30 Minuten und enthält Fragen zu Ihnen selbst und zu Ihrem häuslichen Umfeld.<br><br>Wir bitten Sie, die Fragen so vollständig und genau wie möglich zu beantworten. Wenn Sie Fragen zu dieser Umfrage haben, wenden Sie sich bitte an die Forschungskoordinatorin (luise_hornoff@eva. mpg. de).
<br><br>Wenn Sie bereit sind zu beginnen, klicken Sie auf \""Umfrage starten\"".<br><br>Vielen Dank",missing key,missing key,missing key,missing key,missing key,"¡Gracias por participar en este proyecto de investigación!<br>Estimamos que diligenciar la siguiente parte de la encuesta le tomará aproximadamente 10 minutos. En esta encuesta se le harán preguntas sobre su hogar y sobre usted mismo(a).<br><br>Le agradecemos que responda la encuesta de la forma más precisa posible con la información que tiene disponible. Si tiene alguna duda, comuníquesela a quien coordina esta aplicación.<br><br>Cuando esté listo(a) para empezar, seleccione el botón Comenzar Encuesta.<br><br>¡Muchas gracias!"
pages_1_elements_0_elements_0_labelFalse,pages_1_elements_0_elements_0_labelFalse,No,No,missing key,No,missing key,No,Nein,Nein,missing key,missing key,No,missing key,missing key,No
pages_1_elements_0_elements_0_labelTrue,pages_1_elements_0_elements_0_labelTrue,Yes,Yes,missing key,Yes,missing key,Yes,Ja,Ja,missing key,missing key,Sí,missing key,missing key,Sí
pages_1_elements_0_elements_2_title,pages_1_elements_0_elements_0_title,"In your neighborhood, is there a community center or recreation center where families get together?","In your neighborhood, is there a community center or recreation center where families get together?",missing key,"In your neighborhood, is there a community center or recreation center where families get together?",missing key,"In your neighborhood, is there a community center or recreation center where families get together?","Gibt es in Ihrer Nachbarschaft ein Gemeindezentrum oder ein Freizeitzentrum, in dem sich Familien treffen?","Gibt es in Ihrer Nachbarschaft ein Gemeindezentrum oder ein Freizeitzentrum, in dem sich Familien treffen?",missing key,missing key,¿En su vecindario hay un centro de recreación o centro comunitario donde se reúnen las familias?,missing key,missing key,¿En su vecindario hay un centro de recreación o centro comunitario donde se reúnen las familias?
pages_1_elements_0_elements_0_labelFalse,pages_1_elements_0_elements_1_labelFalse,No,No,missing key,No,missing key,No,Nein,Nein,missing key,missing key,No,missing key,missing key,No
pages_1_elements_0_elements_0_labelTrue,pages_1_elements_0_elements_1_labelTrue,Yes,Yes,missing key,Yes,missing key,Yes,Ja,Ja,missing key,missing key,Sí,missing key,missing key,Sí
pages_1_elements_0_elements_3_title,pages_1_elements_0_elements_1_title,"In your neighborhood, is there a library or other place to get free books?","In your neighborhood, is there a library or other place to get free books?",missing key,"In your neighborhood, is there a library or other place to get free books?",missing key,"In your neighborhood, is there a library or other place to get free books?","Gibt es in Ihrer Nachbarschaft eine Bibliothek oder einen anderen Ort, an dem man kostenlose Bücher erhalten kann?","Gibt es in Ihrer Nachbarschaft eine Bibliothek oder einen anderen Ort, an dem man kostenlose Bücher erhalten kann?",missing key,missing key,¿En su vecindario hay una biblioteca o un lugar donde conseguir libros gratis?,missing key,missing key,¿En su vecindario hay una biblioteca o un lugar donde conseguir libros gratis?
pages_1_elements_0_elements_0_labelFalse,pages_1_elements_0_elements_2_labelFalse,No,No,missing key,No,missing key,No,Nein,Nein,missing key,missing key,No,missing key,missing key,No
pages_1_elements_0_elements_0_labelTrue,pages_1_elements_0_elements_2_labelTrue,Yes,Yes,missing key,Yes,missing key,Yes,Ja,Ja,missing key,missing key,Sí,missing key,missing key,Sí
pages_1_elements_0_elements_4_title,pages_1_elements_0_elements_2_title,"In your neighborhood, is there litter or garbage on the street or sidewalk?","In your neighborhood, is there litter or garbage on the street or sidewalk?",missing key,"In your neighborhood, is there litter or garbage on the street or sidewalk?",missing key,"In your neighborhood, is there litter or garbage on the street or sidewalk?",Gibt es in Ihrer Nachbarschaft Abfall oder Müll auf der Straße oder dem Gehweg?,Gibt es in Ihrer Nachbarschaft Abfall oder Müll auf der Straße oder dem Gehweg?,missing key,missing key,¿En su vecindario hay basura o desperdicios en las calles o aceras?,missing key,missing key,¿En su vecindario hay basura o desperdicios en las calles o aceras?
pages_1_elements_0_title,pages_1_elements_0_title,Please answer the following questions about the community in which you live.,Please answer the following questions about the community in which you live.,missing key,Please answer the following questions about the community in which you live.,missing key,Please answer the following questions about the community in which you live.,"Bitte beantworten Sie die folgenden Fragen zu der Gemeinschaft, in der Sie leben.","Bitte beantworten Sie die folgenden Fragen zu der Gemeinschaft, in der Sie leben.",missing key,missing key,Responda a las siguientes preguntas sobre la comunidad en la que vive.,missing key,missing key,Responda a las siguientes preguntas sobre la comunidad en la que vive.
pages_1_elements_1_columns_0_text,pages_1_elements_1_columns_0_text,Definitely Agree,Definitely Agree,missing key,Definitely Agree,missing key,Definitely Agree,Voll und ganz zustimmen,Voll und ganz zustimmen,missing key,missing key,Definitivamente de acuerdo,missing key,missing key,Definitivamente de acuerdo
pages_1_elements_1_columns_1_text,pages_1_elements_1_columns_1_text,Somewhat Agree,Somewhat Agree,missing key,Somewhat Agree,missing key,Somewhat Agree,Eher zustimmen,Eher zustimmen,missing key,missing key,Algo de acuerdo,missing key,missing key,Algo de acuerdo
pages_1_elements_1_columns_2_text,pages_1_elements_1_columns_2_text,Somewhat Disagree,Somewhat Disagree,missing key,Somewhat Disagree,missing key,Somewhat Disagree,Eher nicht zustimmen,Eher nicht zustimmen,missing key,missing key,Algo en descuerdo,missing key,missing key,Algo en descuerdo
pages_1_elements_1_columns_3_text,pages_1_elements_1_columns_3_text,Definitely Disagree,Definitely Disagree,missing key,Definitely Disagree,missing key,Definitely Disagree,Überhaupt nicht zustimmen,Überhaupt nicht zustimmen,missing key,missing key,Definitivamente en desacuerdo,missing key,missing key,Definitivamente en desacuerdo
pages_1_elements_1_rows_0_text,pages_1_elements_1_rows_0_text,People in your neighborhood help each other out.,People in your neighborhood help each other out.,missing key,People in your neighborhood help each other out.,missing key,People in your neighborhood help each other out.,Die Menschen in deiner Nachbarschaft helfen sich gegenseitig.,Die Menschen in deiner Nachbarschaft helfen sich gegenseitig.,missing key,missing key,La gente de su vecindario se ayuda mutuamente.,missing key,missing key,La gente de su vecindario se ayuda mutuamente.
pages_1_elements_1_rows_1_text,pages_1_elements_1_rows_1_text,People in your neighborhood watch out for each other's children.,People in your neighborhood watch out for each other's children.,missing key,People in your neighborhood watch out for each other's children.,missing key,People in your neighborhood watch out for each other's children.,Die Menschen in Ihrer Nachbarschaft passen auf die Kinder der anderen auf.,Die Menschen in Ihrer Nachbarschaft passen auf die Kinder der anderen auf.,missing key,missing key,La gente de su vecindario cuida mutuamente de nuestros niños(as).,missing key,missing key,La gente de su vecindario cuida mutuamente de nuestros niños(as).
pages_1_elements_1_rows_2_text,pages_1_elements_1_rows_2_text,Your child is safe in your neighborhood.,Your child is safe in your neighborhood.,missing key,Your child is safe in your neighborhood.,missing key,Your child is safe in your neighborhood.,Ihr Kind ist in Ihrer Nachbarschaft sicher.,Ihr Kind ist in Ihrer Nachbarschaft sicher.,missing key,missing key,Su niño(a) está seguro(a) en su vecindario.,missing key,missing key,Su niño(a) está seguro(a) en su vecindario.
pages_1_elements_1_title,pages_1_elements_1_title,To what extent do you agree with these statements about your neighborhood or community?,To what extent do you agree with these statements about your neighborhood or community?,missing key,To what extent do you agree with these statements about your neighborhood or community?,missing key,To what extent do you agree with these statements about your neighborhood or community?,Inwieweit stimmen Sie diesen Aussagen über Ihre Nachbarschaft oder Gemeinde zu?,Inwieweit stimmen Sie diesen Aussagen über Ihre Nachbarschaft oder Gemeinde zu?,missing key,missing key,¿En qué medida está de acuerdo con estas afirmaciones sobre su vecindario o comunidad?,missing key,missing key,¿En qué medida está de acuerdo con estas afirmaciones sobre su vecindario o comunidad?
pages_1_elements_2_elements_0_choices_0_text,pages_1_elements_2_elements_0_choices_0_text,Never true,Never true,missing key,Never true,missing key,Never true,Trifft nie zu,Trifft nie zu,missing key,missing key,Nunca,missing key,missing key,Nunca
pages_1_elements_2_elements_0_choices_1_text,pages_1_elements_2_elements_0_choices_1_text,Sometimes true,Sometimes true,missing key,Sometimes true,missing key,Sometimes true,Trifft manchmal zu,Trifft manchmal zu,missing key,missing key,A veces,missing key,missing key,A veces
pages_1_elements_2_elements_0_choices_2_text,pages_1_elements_2_elements_0_choices_2_text,Often true,Often true,missing key,Often true,missing key,Often true,Trifft oft zu,Trifft oft zu,missing key,missing key,Frecuentemente,missing key,missing key,Frecuentemente
pages_1_elements_2_elements_0_title,pages_1_elements_2_elements_0_title,"The food that we bought just didn't last, and we didn't have enough money to get more.","The food that we bought just didn't last, and we didn't have enough money to get more.",missing key,"The food that we bought just didn't last, and we didn't have enough money to get more.",missing key,"The food that we bought just didn't last, and we didn't have enough money to get more.","Die Lebensmittel, die wir gekauft hatten, reichten einfach nicht aus, und wir hatten nicht genug Geld, um mehr zu kaufen.","Die Lebensmittel, die wir gekauft hatten, reichten einfach nicht aus, und wir hatten nicht genug Geld, um mehr zu kaufen.",missing key,missing key,"La comida que comprábamos no alcanzaba, y no teníamos dinero para comprar más.",missing key,missing key,"La comida que comprábamos no alcanzaba, y no teníamos dinero para comprar más."
pages_1_elements_2_elements_0_choices_0_text,pages_1_elements_2_elements_1_choices_0_text,Never true,Never true,missing key,Never true,missing key,Never true,Trifft nie zu,Trifft nie zu,missing key,missing key,Nunca,missing key,missing key,Nunca
pages_1_elements_2_elements_0_choices_1_text,pages_1_elements_2_elements_1_choices_1_text,Sometimes true,Sometimes true,missing key,Sometimes true,missing key,Sometimes true,Trifft manchmal zu,Trifft manchmal zu,missing key,missing key,A veces,missing key,missing key,A veces
pages_1_elements_2_elements_0_choices_2_text,pages_1_elements_2_elements_1_choices_2_text,Often true,Often true,missing key,Often true,missing key,Often true,Trifft oft zu,Trifft oft zu,missing key,missing key,Frecuentemente,missing key,missing key,Frecuentemente
pages_1_elements_2_elements_1_title,pages_1_elements_2_elements_1_title,We couldn't afford to eat balanced meals.,We couldn't afford to eat balanced meals.,missing key,We couldn't afford to eat balanced meals.,missing key,We couldn't afford to eat balanced meals.,"Wir konnten es uns nicht leisten, ausgewogene Mahlzeiten zu essen.","Wir konnten es uns nicht leisten, ausgewogene Mahlzeiten zu essen.",missing key,missing key,No teníamos recursos suficientes para comer comida variada y nutritiva.,missing key,missing key,No teníamos recursos suficientes para comer comida variada y nutritiva.
pages_1_elements_0_elements_0_labelFalse,pages_1_elements_2_elements_2_labelFalse,No,No,missing key,No,missing key,No,Nein,Nein,missing key,missing key,No,missing key,missing key,No
pages_1_elements_0_elements_0_labelTrue,pages_1_elements_2_elements_2_labelTrue,Yes,Yes,missing key,Yes,missing key,Yes,Ja,Ja,missing key,missing key,Sí,missing key,missing key,Sí
,pages_1_elements_2_elements_2_title,missing key,"In the <b>last 12 months</b>, did you or other adults in your household ever cut the size of your meals or skip meals because there wasn't enough money for food?",missing key,missing key,missing key,missing key,missing key,"Haben Sie oder andere Erwachsene in Ihrem Haushalt in den <b>letzten 12 Monaten</b> jemals die Menge Ihrer Mahlzeiten reduziert oder Mahlzeiten ausgelassen, weil nicht genug Geld für Lebensmittel vorhanden war?",missing key,missing key,missing key,missing key,missing key,"En <b>los últimos 12 meses</b>, ¿usted u otros adultos del hogar redujeron la cantidad de sus comidas o se saltaron comidas porque les faltaba dinero para alimentos?"
pages_1_elements_2_elements_3_choices_0_text,pages_1_elements_2_elements_3_choices_0_text,Almost every month,Almost every month,missing key,Almost every month,missing key,Almost every month,Fast jeden Monat,Fast jeden Monat,missing key,missing key,Casi todos los meses,missing key,missing key,Casi todos los meses
pages_1_elements_2_elements_3_choices_1_text,pages_1_elements_2_elements_3_choices_1_text,Some months but not every month,Some months but not every month,missing key,Some months but not every month,missing key,Some months but not every month,In einigen Monaten aber nicht jeden Monat,In einigen Monaten aber nicht jeden Monat,missing key,missing key,Algunos meses,missing key,missing key,Algunos meses
pages_1_elements_2_elements_3_choices_2_text,pages_1_elements_2_elements_3_choices_2_text,Only 1 or 2 months,Only 1 or 2 months,missing key,Only 1 or 2 months,missing key,Only 1 or 2 months,Nur in 1 oder 2 Monaten,Nur in 1 oder 2 Monaten,missing key,missing key,Solo 1 ó 2 meses,missing key,missing key,Solo 1 ó 2 meses
pages_1_elements_2_elements_3_title,pages_1_elements_2_elements_3_title,"If yes, how often did this happen - almost every month, some months but not every month, or in only 1 or 2 months?","If yes, how often did this happen - almost every month, some months but not every month, or in only 1 or 2 months?",missing key,"If yes, how often did this happen - almost every month, some months but not every month, or in only 1 or 2 months?",missing key,"If yes, how often did this happen - almost every month, some months but not every month, or in only 1 or 2 months?","Wenn ja, wie oft ist kam dies vor - fast jeden Monat, in einigen Monaten aber nicht in jedem Monat, nur in 1 oder 2 Monaten?","Wenn ja, wie oft ist kam dies vor - fast jeden Monat, in einigen Monaten aber nicht in jedem Monat, nur in 1 oder 2 Monaten?",missing key,missing key,"En caso afirmativo, ¿con qué frecuencia: casi todos los meses, algunos meses, solo 1 o 2 meses?",missing key,missing key,"En caso afirmativo, ¿con qué frecuencia: casi todos los meses, algunos meses, solo 1 o 2 meses?"
,pages_1_elements_2_title,missing key,"These are statements people have made about their food situation. For these statements, please mark whether the statement was often true, sometimes true, or never true for your household <b>in the last 12 months.</b>",missing key,"These are statements people have made about their food situation. For these statements, please mark whether the statement was often true, sometimes true, or never true for your household in the <b>last 12 months</b>.",missing key,"These are statements people have made about their food situation. For these statements, please mark whether the statement was often true, sometimes true, or never true for your household in the <b>last 12 months</b>.",missing key,"Dies sind Aussagen, die Menschen über ihre Ernährungssituation gemacht haben. Bitte kreuzen Sie für diese Aussagen an, ob die Aussage in den <b>letzten 12 Monaten</b> für Ihren Haushalt oft, manchmal oder nie stimmte.",missing key,missing key,missing key,missing key,missing key,"Estas son declaraciones que las personas han hecho sobre situaciones alimentarias. Para cada uno, favor de indicar si ha ocurrido frecuentemente, a veces, o nunca (a Ud. / en su hogar) en <b>los últimos 12 meses</b>."
,pages_2_elements_0_elements_0_choices_0_text,missing key,Definitely untrue,missing key,missing key,missing key,Definitely Untrue,missing key,Definitiv unwahr,missing key,missing key,missing key,missing key,missing key,Totalmente falso
,pages_2_elements_0_elements_0_choices_1_text,missing key,Somewhat untrue,missing key,missing key,missing key,Somewhat Untrue,missing key,Eher unwahr,missing key,missing key,missing key,missing key,missing key,Algo falso
,pages_2_elements_0_elements_0_choices_2_text,missing key,Somewhat true,missing key,missing key,missing key,Somewhat True,missing key,Eher wahr,missing key,missing key,missing key,missing key,missing key,Algo verdadero
,pages_2_elements_0_elements_0_choices_3_text,missing key,Definitely true,missing key,missing key,missing key,Definitely True,missing key,Definitiv wahr,missing key,missing key,missing key,missing key,missing key,Totalmente verdadero
pages_2_elements_0_elements_0_title,pages_2_elements_0_elements_0_title,We are usually able to stay on top of things.,We are usually able to stay on top of things.,missing key,We are usually able to stay on top of things.,missing key,We are usually able to stay on top of things.,"Wir sind in der Regel in der Lage, den Überblick zu behalten.","Wir sind in der Regel in der Lage, den Überblick zu behalten.",missing key,missing key,Normalmente somos capaces de estar al día con las actividades.,missing key,missing key,Normalmente somos capaces de estar al día con las actividades.
,pages_2_elements_0_elements_1_choices_0_text,missing key,Definitely untrue,missing key,missing key,missing key,Definitely Untrue,missing key,Definitiv unwahr,missing key,missing key,missing key,missing key,missing key,Totalmente falso
,pages_2_elements_0_elements_1_choices_1_text,missing key,Somewhat untrue,missing key,missing key,missing key,Somewhat Untrue,missing key,Eher unwahr,missing key,missing key,missing key,missing key,missing key,Algo falso
,pages_2_elements_0_elements_1_choices_2_text,missing key,Somewhat true,missing key,missing key,missing key,Somewhat True,missing key,Eher wahr,missing key,missing key,missing key,missing key,missing key,Algo verdadero
,pages_2_elements_0_elements_1_choices_3_text,missing key,Definitely true,missing key,missing key,missing key,Definitely True,missing key,Definitiv wahr,missing key,missing key,missing key,missing key,missing key,Totalmente verdadero
pages_2_elements_0_elements_1_title,pages_2_elements_0_elements_1_title,You can't hear yourself think in our home.,You can't hear yourself think in our home.,missing key,You can't hear yourself think in our home.,missing key,You can't hear yourself think in our home.,Bei uns zu Hause versteht man sein eigenes Wort nicht.,Bei uns zu Hause versteht man sein eigenes Wort nicht.,missing key,missing key,En nuestra casa hay tanto ruido que no escuchas ni tus pensamientos.,missing key,missing key,En nuestra casa hay tanto ruido que no escuchas ni tus pensamientos.
,pages_2_elements_0_elements_2_choices_0_text,missing key,Definitely untrue,missing key,missing key,missing key,Definitely Untrue,missing key,Definitiv unwahr,missing key,missing key,missing key,missing key,missing key,Totalmente falso
,pages_2_elements_0_elements_2_choices_1_text,missing key,Somewhat untrue,missing key,missing key,missing key,Somewhat Untrue,missing key,Eher unwahr,missing key,missing key,missing key,missing key,missing key,Algo falso
,pages_2_elements_0_elements_2_choices_2_text,missing key,Somewhat true,missing key,missing key,missing key,Somewhat True,missing key,Eher wahr,missing key,missing key,missing key,missing key,missing key,Algo verdadero
,pages_2_elements_0_elements_2_choices_3_text,missing key,Definitely true,missing key,missing key,missing key,Definitely True,missing key,Definitiv wahr,missing key,missing key,missing key,missing key,missing key,Totalmente verdadero
pages_2_elements_0_elements_2_title,pages_2_elements_0_elements_2_title,The atmosphere in our home is calm.,The atmosphere in our home is calm.,missing key,The atmosphere in our home is calm.,missing key,The atmosphere in our home is calm.,Die Atmosphäre in unserem Haus ist ruhig.,Die Atmosphäre in unserem Haus ist ruhig.,missing key,missing key,El ambiente de nuestra casa es muy calmado.,missing key,missing key,El ambiente de nuestra casa es muy calmado.
,pages_2_elements_0_elements_3_choices_0_text,missing key,Definitely untrue,missing key,missing key,missing key,Definitely Untrue,missing key,Definitiv unwahr,missing key,missing key,missing key,missing key,missing key,Totalmente falso
,pages_2_elements_0_elements_3_choices_1_text,missing key,Somewhat untrue,missing key,missing key,missing key,Somewhat Untrue,missing key,Eher unwahr,missing key,missing key,missing key,missing key,missing key,Algo falso
,pages_2_elements_0_elements_3_choices_2_text,missing key,Somewhat true,missing key,missing key,missing key,Somewhat True,missing key,Eher wahr,missing key,missing key,missing key,missing key,missing key,Algo verdadero
,pages_2_elements_0_elements_3_choices_3_text,missing key,Definitely true,missing key,missing key,missing key,Definitely True,missing key,Definitiv wahr,missing key,missing key,missing key,missing key,missing key,Totalmente verdadero
pages_2_elements_0_elements_3_title,pages_2_elements_0_elements_3_title,We have a regular morning routine at home.,We have a regular morning routine at home.,missing key,We have a regular morning routine at home.,missing key,We have a regular morning routine at home.,Wir haben zu Hause eine regelmäßige Morgenroutine.,Wir haben zu Hause eine regelmäßige Morgenroutine.,missing key,missing key,"En nuestra casa, tenemos una rutina matutina regular.",missing key,missing key,"En nuestra casa, tenemos una rutina matutina regular."
pages_2_elements_0_title,pages_2_elements_0_title,Below are statements about the environment in your home. Please indicate how much you agree that the statement is true of your home.,Below are statements about the environment in your home. Please indicate how much you agree that the statement is true of your home.,missing key,Below are statements about the environment in your home. Please indicate how much you agree that the statement is true of your home.,missing key,Below are statements about the environment in your home. Please indicate how much you agree that the statement is true of your home.,"Im Folgenden finden Sie Aussagen über die häusliche Umgebung. Bitte geben Sie an, inwieweit Sie der Aussage zustimmen, dass sie auf Ihr Zuhause zutrifft.","Im Folgenden finden Sie Aussagen über die häusliche Umgebung. Bitte geben Sie an, inwieweit Sie der Aussage zustimmen, dass sie auf Ihr Zuhause zutrifft.",missing key,missing key,A continuación encontrará una serie de afirmaciones sobre el entorno de su hogar. Indique qué tan cierta es cada afirmación para su hogar.,missing key,missing key,A continuación encontrará una serie de afirmaciones sobre el entorno de su hogar. Indique qué tan cierta es cada afirmación para su hogar.
pages_3_elements_0_columns_0_text,pages_3_elements_0_columns_0_text,Not at all,Not at all,missing key,Not at all,missing key,Not at all,Überhaupt nicht,Trifft überhaupt nicht zu,missing key,missing key,Nunca,missing key,missing key,Para nada
pages_3_elements_0_columns_1_text,pages_3_elements_0_columns_1_text,Several days,Several days,missing key,Several days,missing key,Several days,Mehrere Tage,Mehrere Tage,missing key,missing key,Varios días,missing key,missing key,Varios días
pages_3_elements_0_columns_2_text,pages_3_elements_0_columns_2_text,More than half of the days,More than half of the days,missing key,More than half of the days,missing key,More than half of the days,Mehr als die Hälfte der Tage,Mehr als die Hälfte der Tage,missing key,missing key,Más de la mitad de los días,missing key,missing key,Más de la mitad de los días
pages_3_elements_0_columns_3_text,pages_3_elements_0_columns_3_text,Nearly every day,Nearly every day,missing key,Nearly every day,missing key,Nearly every day,Fast jeden Tag,Fast jeden Tag,missing key,missing key,Casi todos los días,missing key,missing key,Casi todos los días
pages_3_elements_0_rows_1_text,pages_3_elements_0_rows_0_text,Not being able to stop or control worrying,Not being able to stop or control worrying,missing key,Not being able to stop or control worrying,missing key,Not being able to stop or control worrying,"Nicht in der Lage zu sein, das Grübeln zu beenden oder zu kontrollieren","Nicht in der Lage zu sein, das Grübeln zu beenden oder zu kontrollieren",missing key,missing key,No poder parar o controlar las preocupaciones,missing key,missing key,No poder parar o controlar las preocupaciones
pages_3_elements_0_rows_2_text,pages_3_elements_0_rows_1_text,"Feeling down, depressed, or hopeless","Feeling down, depressed, or hopeless",missing key,"Feeling down, depressed, or hopeless",missing key,"Feeling down, depressed, or hopeless","Sich niedergeschlagen, deprimiert oder hoffnungslos fühlen","Sich niedergeschlagen, deprimiert oder hoffnungslos fühlen",missing key,missing key,"Sentirse decaído, deprimido o desesperanzado.",missing key,missing key,"Sentirse decaído, deprimido o desesperanzado."
pages_3_elements_0_rows_3_text,pages_3_elements_0_rows_2_text,Little interest or pleasure in doing things,Little interest or pleasure in doing things,missing key,Little interest or pleasure in doing things,missing key,Little interest or pleasure in doing things,Wenig Interesse oder Freude am Tun,Wenig Interesse oder Freude am Tun,missing key,missing key,Poco interés o placer por hacer cosas,missing key,missing key,Poco interés o placer por hacer cosas
,pages_3_elements_0_title,missing key,"Over the <b>last two weeks</b>, how often have you been bothered by the following problems?",missing key,missing key,missing key,missing key,missing key,Wie oft wurden Sie in den <b>letzten zwei Wochen</b> von den folgenden Problemen geplagt?,missing key,missing key,missing key,missing key,missing key,"En las <b>últimas dos semanas</b>, ¿con qué frecuencia se sintió usted afectado por los siguientes problemas?"
pages_3_elements_1_columns_0_text,pages_3_elements_1_columns_0_text,Very Strongly Disagree,Very Strongly Disagree,missing key,missing key,missing key,missing key,Sehr stark ablehnen,Sehr stark ablehnen,missing key,missing key,Totalmente en desacuerdo,missing key,missing key,Totalmente en desacuerdo
pages_3_elements_1_columns_1_text,pages_3_elements_1_columns_1_text,Strongly Disagree,Strongly Disagree,missing key,missing key,missing key,missing key,Stark ablehnen,Stark ablehnen,missing key,missing key,Muy en desacuerdo,missing key,missing key,Completamente en desacuerdo
pages_3_elements_1_columns_2_text,pages_3_elements_1_columns_2_text,Mildly Disagree,Mildly Disagree,missing key,Mildly Disagree,missing key,Mildly Disagree,Leicht ablehnen,Leicht ablehnen,missing key,missing key,Algo en desacuerdo,missing key,missing key,En desacuerdo
,pages_3_elements_1_columns_3_text,missing key,Neutral,missing key,Neutral ,missing key,missing key,missing key,missing key,missing key,missing key,missing key,missing key,missing key,missing key
pages_3_elements_1_columns_4_text,pages_3_elements_1_columns_4_text,Mildly Agree,Mildly Agree,missing key,Mildly Agree,missing key,Mildly Agree,Leicht zustimmen,Leicht zustimmen,missing key,missing key,Ligeramente de acuerdo,missing key,missing key,De acuerdo
pages_3_elements_1_columns_5_text,pages_3_elements_1_columns_5_text,Strongly Agree,Strongly Agree,missing key,Strongly Agree,missing key,Strongly Agree,Stark zustimmen,Stark zustimmen,missing key,missing key,Muy de acuerdo,missing key,missing key,Completamente de acuerdo
pages_3_elements_1_columns_6_text,pages_3_elements_1_columns_6_text,Very Strongly Agree,Very Strongly Agree,missing key,Very Strongly Agree,missing key,Very Strongly Agree,Sehr stark zustimmen,Sehr stark zustimmen,missing key,missing key,Totalmente de acuerdo,missing key,missing key,Totalmente de acuerdo
pages_3_elements_1_rows_0_text,pages_3_elements_1_rows_0_text,"There is a special person (ex: spouse, partner, etc.) who is around when I am in need.","There is a special person (ex: spouse, partner, etc.) who is around when I am in need.",missing key,"There is a special person (ex: spouse, partner, etc.) who is around when I am in need.",missing key,"There is a special person (ex: spouse, partner, etc.) who is around when I am in need.","Es gibt eine besondere Person (z. B. Ehepartner, Partner usw.), die für mich da ist, wenn ich in Not bin.","Es gibt eine besondere Person (z. B. Ehepartner, Partner usw.), die für mich da ist, wenn ich in Not bin.",missing key,missing key,"Hay una persona especial (cónyuge, pareja, etc.) que está a mi lado cuando la necesito.",missing key,missing key,"Hay una persona especial (cónyuge, pareja, etc.) que está a mi lado cuando la necesito."
pages_3_elements_1_rows_1_text,pages_3_elements_1_rows_1_text,"There is a special person (ex: spouse, partner, etc.) with whom I can share joys and sorrows.","There is a special person (ex: spouse, partner, etc.) with whom I can share joys and sorrows.",missing key,"There is a special person (ex: spouse, partner, etc.) with whom I can share joys and sorrows.",missing key,"There is a special person (ex: spouse, partner, etc.) with whom I can share joys and sorrows.","Es gibt eine besondere Person (z. B. Ehepartner, Partner usw.), mit der ich Freud und Leid teilen kann.","Es gibt eine besondere Person (z. B. Ehepartner, Partner usw.), mit der ich Freud und Leid teilen kann.",missing key,missing key,"Hay una persona especial (cónyuge, pareja, etc.) con la que puedo compartir alegrías y penas.",missing key,missing key,"Hay una persona especial (cónyuge, pareja, etc.) con la que puedo compartir alegrías y penas."
pages_3_elements_1_rows_3_text,pages_3_elements_1_rows_2_text,I get the emotional help & support I need from my family.,I get the emotional help & support I need from my family.,missing key,I get the emotional help & support I need from my family.,missing key,I get the emotional help & support I need from my family.,"Ich bekomme die emotionale Hilfe und Unterstützung, die ich brauche, von meiner Familie.","Ich bekomme die emotionale Hilfe und Unterstützung, die ich brauche, von meiner Familie.",missing key,missing key,Recibo la ayuda y el apoyo emocional que necesito de mi familia.,missing key,missing key,Recibo la ayuda y el apoyo emocional que necesito de mi familia.
pages_3_elements_1_rows_4_text,pages_3_elements_1_rows_3_text,"I have a special person (ex: spouse, partner, etc.) who is a real source of comfort to me.","I have a special person (ex: spouse, partner, etc.) who is a real source of comfort to me.",missing key,"I have a special person (ex: spouse, partner, etc.) who is a real source of comfort to me.",missing key,"I have a special person (ex: spouse, partner, etc.) who is a real source of comfort to me.","Ich habe eine besondere Person (z. B. Ehepartner, Partner usw.), die mir wirklich Trost spendet.","Ich habe eine besondere Person (z. B. Ehepartner, Partner usw.), die mir wirklich Trost spendet.",missing key,missing key,"Tengo una persona especial (cónyuge, pareja, etc.) que es una verdadera fuente de consuelo para mí.",missing key,missing key,"Tengo una persona especial (cónyuge, pareja, etc.) que es una verdadera fuente de consuelo para mí."
pages_3_elements_1_rows_5_text,pages_3_elements_1_rows_4_text,My friends really try to help me.,My friends really try to help me.,missing key,My friends really try to help me.,missing key,My friends really try to help me.,"Meine Freunde versuchen wirklich, mir zu helfen.","Meine Freunde versuchen wirklich, mir zu helfen.",missing key,missing key,Mis amigos realmente tratan de ayudarme.,missing key,missing key,Mis amigos realmente tratan de ayudarme.
pages_3_elements_1_rows_6_text,pages_3_elements_1_rows_5_text,I can count on my friends when things go wrong.,I can count on my friends when things go wrong.,missing key,I can count on my friends when things go wrong.,missing key,I can count on my friends when things go wrong.,"Ich kann auf meine Freunde zählen, wenn etwas schief läuft.","Ich kann auf meine Freunde zählen, wenn etwas schief läuft.",missing key,missing key,Puedo contar con mis amigos cuando las cosas van mal.,missing key,missing key,Puedo contar con mis amigos cuando las cosas van mal.
pages_3_elements_1_rows_7_text,pages_3_elements_1_rows_6_text,I can talk about my problems with my family.,I can talk about my problems with my family.,missing key,I can talk about my problems with my family.,missing key,I can talk about my problems with my family.,Ich kann über meine Probleme mit meiner Familie sprechen.,Ich kann über meine Probleme mit meiner Familie sprechen.,missing key,missing key,Puedo hablar de mis problemas con mi familia.,missing key,missing key,Puedo hablar de mis problemas con mi familia.
pages_3_elements_1_rows_8_text,pages_3_elements_1_rows_7_text,I have friends with whom I can share my joys and sorrows.,I have friends with whom I can share my joys and sorrows.,missing key,I have friends with whom I can share my joys and sorrows.,missing key,I have friends with whom I can share my joys and sorrows.,"Ich habe Freunde, mit denen ich meine Freuden und Sorgen teilen kann.","Ich habe Freunde, mit denen ich meine Freuden und Sorgen teilen kann.",missing key,missing key,Tengo amigos con los que puedo compartir mis alegrías y mis penas.,missing key,missing key,Tengo amigos con los que puedo compartir mis alegrías y mis penas.
pages_3_elements_1_rows_10_text,pages_3_elements_1_rows_8_text,My family is willing to help me make decisions.,My family is willing to help me make decisions.,missing key,My family is willing to help me make decisions.,missing key,My family is willing to help me make decisions.,"Meine Familie ist bereit, mir bei Entscheidungsfindungen zu helfen.","Meine Familie ist bereit, mir bei Entscheidungsfindungen zu helfen.",missing key,missing key,Mi familia está dispuesta a ayudarme a tomar decisiones.,missing key,missing key,Mi familia está dispuesta a ayudarme a tomar decisiones.
pages_3_elements_1_title,pages_3_elements_1_title,We are interested in how you feel about the following statements. Read each statement carefully. Indicate how you feel about each statement.,We are interested in how you feel about the following statements. Read each statement carefully. Indicate how you feel about each statement.,missing key,We are interested in how you feel about the following statements. Read each statement carefully. Indicate how you feel about each statement.,missing key,We are interested in how you feel about the following statements. Read each statement carefully. Indicate how you feel about each statement.,"Uns interessiert, wie Sie zu den folgenden Aussagen stehen. Lesen Sie jede Aussage sorgfältig durch. Geben Sie an, wie Sie über jede Aussage denken.","Uns interessiert, wie Sie zu den folgenden Aussagen stehen. Lesen Sie jede Aussage sorgfältig durch. Geben Sie an, wie Sie über jede Aussage denken.",missing key,missing key,Nos interesa conocer su opinión sobre las siguientes afirmaciones. Léalas atentamente e indique cómo se siente respecto a cada una.,missing key,missing key,Nos interesa conocer su opinión sobre las siguientes afirmaciones. Léalas atentamente e indique cómo se siente respecto a cada una.
pages_3_elements_2_columns_0_text,pages_3_elements_2_columns_0_text,Never,Never,missing key,Never,missing key,Never,Nie,Nie,missing key,missing key,Nunca,missing key,missing key,Nada de influencia
pages_3_elements_2_columns_1_text,pages_3_elements_2_columns_1_text,Less than once a year,Less than once a year,missing key,Less than once a year,missing key,Less than once a year,Weniger als einmal im Jahr,Weniger als einmal im Jahr,missing key,missing key,Menos de una vez al año,missing key,missing key,Menos de una vez al año
pages_3_elements_2_columns_2_text,pages_3_elements_2_columns_2_text,A few times a year,A few times a year,missing key,A few times a year,missing key,A few times a year,Ein paar Mal im Jahr,Einige Male im Jahr,missing key,missing key,Algunas veces al año,missing key,missing key,Varias veces al año
pages_3_elements_2_columns_3_text,pages_3_elements_2_columns_3_text,A few times a month,A few times a month,missing key,A few times a month,missing key,A few times a month,Ein paar Mal im Monat,Ein paar Mal im Monat,missing key,missing key,Algunas veces al mes,missing key,missing key,Algunas veces al mes
pages_3_elements_2_columns_4_text,pages_3_elements_2_columns_4_text,At least once a week,At least once a week,missing key,At least once a week,missing key,At least once a week,Mindestens einmal in der Woche,Mindestens einmal in der Woche,missing key,missing key,Al menos una vez a la semana,missing key,missing key,Al menos una vez a la semana
pages_3_elements_2_columns_5_text,pages_3_elements_2_columns_5_text,Almost everyday,Almost everyday,missing key,Almost everyday,missing key,Almost everyday,Fast jeden Tag,Fast jeden Tag,missing key,missing key,Casi todos los días,missing key,missing key,Casi todos los días
pages_3_elements_2_rows_0_text,pages_3_elements_2_rows_0_text,You are treated with less courtesy or respect than other people.,You are treated with less courtesy or respect than other people.,missing key,You are treated with less courtesy or respect than other people.,missing key,You are treated with less courtesy or respect than other people.,Sie werden mit weniger Höflichkeit oder Respekt behandelt als andere Menschen.,Sie werden mit weniger Höflichkeit oder Respekt behandelt als andere Menschen.,missing key,missing key,Le tratan con menos cortesía o respeto que a otras personas.,missing key,missing key,Le tratan con menos cortesía o respeto que a otras personas.
pages_3_elements_2_rows_2_text,pages_3_elements_2_rows_1_text,People act as if they think you are not smart.,People act as if they think you are not smart.,missing key,People act as if they think you are not smart.,missing key,People act as if they think you are not smart.,"Die Leute tun so, als ob sie der Meinung wären, dass sie nicht intelligent sind.","Die Leute tun so, als ob sie der Meinung wären, dass sie nicht intelligent sind.",missing key,missing key,La gente actúa como si pensara que usted no es muy inteligente.,missing key,missing key,La gente actúa como si pensara que usted no es muy inteligente.
pages_3_elements_2_rows_4_text,pages_3_elements_2_rows_2_text,You are threatened or harassed.,You are threatened or harassed.,missing key,You are threatened or harassed.,missing key,You are threatened or harassed.,Sie werden bedroht oder belästigt.,Sie werden bedroht oder belästigt.,missing key,missing key,Le amenazan o acosan.,missing key,missing key,Le amenazan o acosan.
pages_3_elements_2_title,pages_3_elements_2_title,In your day-to-day life how often have any of the following things happened to you?,In your day-to-day life how often have any of the following things happened to you?,missing key,In your day-to-day life how often have any of the following things happened to you?,missing key,In your day-to-day life how often have any of the following things happened to you?,Wie oft ist Ihnen in Ihrem Alltag eines der folgenden Dinge passiert?,Wie oft ist Ihnen in Ihrem Alltag eines der folgenden Dinge passiert?,missing key,missing key,"En su vida cotidiana, ¿con qué frecuencia ha vivido usted alguna de las siguientes situaciones?",missing key,missing key,"En su vida cotidiana, ¿con qué frecuencia ha vivido usted alguna de las siguientes situaciones?"
pages_1_elements_0_elements_0_labelFalse,pages_4_elements_0_elements_0_elements_0_labelFalse,No,No,missing key,No,missing key,No,Nein,Nein,missing key,missing key,No,missing key,missing key,No
pages_1_elements_0_elements_0_labelTrue,pages_4_elements_0_elements_0_elements_0_labelTrue,Yes,Yes,missing key,Yes,missing key,Yes,Ja,Ja,missing key,missing key,Sí,missing key,missing key,Sí
pages_4_elements_0_elements_0_elements_0_title,pages_4_elements_0_elements_0_elements_0_title,"An injury or illness which kept you in bed a week or more, or sent you to the hospital.","An injury or illness which kept you in bed a week or more, or sent you to the hospital.",missing key,"An injury or illness which kept you in bed a week or more, or sent you to the hospital.",missing key,"An injury or illness which kept you in bed a week or more, or sent you to the hospital.","Eine Verletzung oder Krankheit, wegen der Sie mindestens eine Woche oder länger im Bett liegen mussten oder Sie ins Krankenhaus brachte.","Eine Verletzung oder Krankheit, wegen der Sie mindestens eine Woche oder länger im Bett liegen mussten oder Sie ins Krankenhaus brachte.",missing key,missing key,"Una lesión o enfermedad que le haya mantenido en cama una semana o más, o que le haya mandado al hospital.",missing key,missing key,"Una lesión o enfermedad que le haya mantenido en cama una semana o más, o que le haya mandado al hospital."
pages_4_elements_0_elements_0_title,pages_4_elements_0_elements_0_title,Health:,Health:,missing key,Health:,missing key,Health:,Gesundheit:,Gesundheit:,missing key,missing key,Salud:,missing key,missing key,Salud:
pages_1_elements_0_elements_0_labelFalse,pages_4_elements_0_elements_1_elements_0_labelFalse,No,No,missing key,No,missing key,No,Nein,Nein,missing key,missing key,No,missing key,missing key,No
pages_1_elements_0_elements_0_labelTrue,pages_4_elements_0_elements_1_elements_0_labelTrue,Yes,Yes,missing key,Yes,missing key,Yes,Ja,Ja,missing key,missing key,Sí,missing key,missing key,Sí
pages_4_elements_0_elements_1_elements_0_title,pages_4_elements_0_elements_1_elements_0_title,Change to a new type of work.,Change to a new type of work.,missing key,Change to a new type of work.,missing key,Change to a new type of work.,Wechsel zu einer neuen Art von Arbeit.,Wechsel zu einer neuen Art von Arbeit.,missing key,missing key,Cambio de tipo de trabajo.,missing key,missing key,Cambio de tipo de trabajo.
pages_1_elements_0_elements_0_labelFalse,pages_4_elements_0_elements_1_elements_1_labelFalse,No,No,missing key,No,missing key,No,Nein,Nein,missing key,missing key,No,missing key,missing key,No
pages_1_elements_0_elements_0_labelTrue,pages_4_elements_0_elements_1_elements_1_labelTrue,Yes,Yes,missing key,Yes,missing key,Yes,Ja,Ja,missing key,missing key,Sí,missing key,missing key,Sí
pages_4_elements_0_elements_1_elements_11_title,pages_4_elements_0_elements_1_elements_1_title,Major business adjustment.,Major business adjustment.,missing key,Major business adjustment.,missing key,Major business adjustment.,Größere geschäftliche Anpassungen.,Größere geschäftliche Anpassungen.,missing key,missing key,Cambios importantes de la empresa.,missing key,missing key,Cambios importantes de la empresa.
pages_1_elements_0_elements_0_labelFalse,pages_4_elements_0_elements_1_elements_2_labelFalse,No,No,missing key,No,missing key,No,Nein,Nein,missing key,missing key,No,missing key,missing key,No
pages_1_elements_0_elements_0_labelTrue,pages_4_elements_0_elements_1_elements_2_labelTrue,Yes,Yes,missing key,Yes,missing key,Yes,Ja,Ja,missing key,missing key,Sí,missing key,missing key,Sí
,pages_4_elements_0_elements_1_elements_2_title,missing key,Retirement,missing key,Retirement.,missing key,Retirement.,missing key,Ruhestand.,missing key,missing key,missing key,missing key,missing key,Jubilación.
pages_1_elements_0_elements_0_labelFalse,pages_4_elements_0_elements_1_elements_3_labelFalse,No,No,missing key,No,missing key,No,Nein,Nein,missing key,missing key,No,missing key,missing key,No
pages_1_elements_0_elements_0_labelTrue,pages_4_elements_0_elements_1_elements_3_labelTrue,Yes,Yes,missing key,Yes,missing key,Yes,Ja,Ja,missing key,missing key,Sí,missing key,missing key,Sí
pages_4_elements_0_elements_1_elements_13_title,pages_4_elements_0_elements_1_elements_3_title,Loss of a job (laid off from work).,Loss of a job (laid off from work).,missing key,Loss of a job (laid off from work).,missing key,Loss of a job (laid off from work).,Verlust des Arbeitsplatzes (Entlassung).,Verlust des Arbeitsplatzes (Entlassung).,missing key,missing key,Despido con indemnización,missing key,missing key,Despido con indemnización
pages_1_elements_0_elements_0_labelFalse,pages_4_elements_0_elements_1_elements_4_labelFalse,No,No,missing key,No,missing key,No,Nein,Nein,missing key,missing key,No,missing key,missing key,No
pages_1_elements_0_elements_0_labelTrue,pages_4_elements_0_elements_1_elements_4_labelTrue,Yes,Yes,missing key,Yes,missing key,Yes,Ja,Ja,missing key,missing key,Sí,missing key,missing key,Sí
pages_4_elements_0_elements_1_elements_14_title,pages_4_elements_0_elements_1_elements_4_title,Loss of a job (fired from work).,Loss of a job (fired from work).,missing key,Loss of a job (fired from work).,missing key,Loss of a job (fired from work).,Verlust des Arbeitsplatzes (gekündigt werden).,Verlust des Arbeitsplatzes (gekündigt werden).,missing key,missing key,Despido sin indemnización,missing key,missing key,Despido sin indemnización
pages_4_elements_0_elements_1_title,pages_4_elements_0_elements_1_title,Work:,Work:,missing key,Work:,missing key,Work:,Arbeit:,Arbeit:,missing key,missing key,Trabajo:,missing key,missing key,Trabajo:
pages_1_elements_0_elements_0_labelFalse,pages_4_elements_0_elements_2_elements_0_labelFalse,No,No,missing key,No,missing key,No,Nein,Nein,missing key,missing key,No,missing key,missing key,No
pages_1_elements_0_elements_0_labelTrue,pages_4_elements_0_elements_2_elements_0_labelTrue,Yes,Yes,missing key,Yes,missing key,Yes,Ja,Ja,missing key,missing key,Sí,missing key,missing key,Sí
pages_4_elements_0_elements_2_elements_4_title,pages_4_elements_0_elements_2_elements_0_title,Major change in health or behavior of family member.,Major change in health or behavior of family member.,missing key,Major change in health or behavior of family member.,missing key,Major change in health or behavior of family member.,Wesentliche Änderung des Gesundheitszustands oder Verhaltens eines Familienmitglieds.,Wesentliche Änderung des Gesundheitszustands oder Verhaltens eines Familienmitglieds.,missing key,missing key,Cambio importante en la salud o el comportamiento de un miembro de la familia.,missing key,missing key,Cambio importante en la salud o el comportamiento de un miembro de la familia.
pages_1_elements_0_elements_0_labelFalse,pages_4_elements_0_elements_2_elements_10_labelFalse,No,No,missing key,No,missing key,No,Nein,Nein,missing key,missing key,No,missing key,missing key,No
pages_1_elements_0_elements_0_labelTrue,pages_4_elements_0_elements_2_elements_10_labelTrue,Yes,Yes,missing key,Yes,missing key,Yes,Ja,Ja,missing key,missing key,Sí,missing key,missing key,Sí
pages_4_elements_0_elements_2_elements_19_title,pages_4_elements_0_elements_2_elements_10_title,Separation from spouse (due to marital problems).,Separation from spouse (due to marital problems).,missing key,Separation from spouse (due to marital problems).,missing key,Separation from spouse (due to marital problems).,Trennung vom Ehepartner (aufgrund von Eheproblemen).,Trennung vom Ehepartner (aufgrund von Eheproblemen).,missing key,missing key,Separación del cónyuge (por problemas conyugales).,missing key,missing key,Separación del cónyuge (por problemas conyugales).
pages_1_elements_0_elements_0_labelFalse,pages_4_elements_0_elements_2_elements_11_labelFalse,No,No,missing key,No,missing key,No,Nein,Nein,missing key,missing key,No,missing key,missing key,No
pages_1_elements_0_elements_0_labelTrue,pages_4_elements_0_elements_2_elements_11_labelTrue,Yes,Yes,missing key,Yes,missing key,Yes,Ja,Ja,missing key,missing key,Sí,missing key,missing key,Sí
pages_4_elements_0_elements_2_elements_20_title,pages_4_elements_0_elements_2_elements_11_title,Divorce.,Divorce.,missing key,Divorce.,missing key,Divorce.,Scheidung.,Scheidung.,missing key,missing key,Divorcio.,missing key,missing key,Divorcio.
pages_1_elements_0_elements_0_labelFalse,pages_4_elements_0_elements_2_elements_12_labelFalse,No,No,missing key,No,missing key,No,Nein,Nein,missing key,missing key,No,missing key,missing key,No
pages_1_elements_0_elements_0_labelTrue,pages_4_elements_0_elements_2_elements_12_labelTrue,Yes,Yes,missing key,Yes,missing key,Yes,Ja,Ja,missing key,missing key,Sí,missing key,missing key,Sí
pages_4_elements_0_elements_2_elements_22_title,pages_4_elements_0_elements_2_elements_12_title,Death of a spouse.,Death of a spouse.,missing key,Death of a spouse.,missing key,Death of a spouse.,Tod eines Ehepartners.,Tod eines Ehepartners.,missing key,missing key,Fallecimiento del cónyuge.,missing key,missing key,Fallecimiento del cónyuge.
pages_1_elements_0_elements_0_labelFalse,pages_4_elements_0_elements_2_elements_13_labelFalse,No,No,missing key,No,missing key,No,Nein,Nein,missing key,missing key,No,missing key,missing key,No
pages_1_elements_0_elements_0_labelTrue,pages_4_elements_0_elements_2_elements_13_labelTrue,Yes,Yes,missing key,Yes,missing key,Yes,Ja,Ja,missing key,missing key,Sí,missing key,missing key,Sí
pages_4_elements_0_elements_2_elements_23_title,pages_4_elements_0_elements_2_elements_13_title,Death of other family member (child).,Death of other family member (child).,missing key,Death of other family member (child).,missing key,Death of other family member (child).,Tod eines anderen Familienmitglieds (Kind).,Tod eines anderen Familienmitglieds (Kind).,missing key,missing key,Fallecimiento de otro familiar (hijo o hija).,missing key,missing key,Fallecimiento de otro familiar (hijo o hija).
pages_1_elements_0_elements_0_labelFalse,pages_4_elements_0_elements_2_elements_14_labelFalse,No,No,missing key,No,missing key,No,Nein,Nein,missing key,missing key,No,missing key,missing key,No
pages_1_elements_0_elements_0_labelTrue,pages_4_elements_0_elements_2_elements_14_labelTrue,Yes,Yes,missing key,Yes,missing key,Yes,Ja,Ja,missing key,missing key,Sí,missing key,missing key,Sí
pages_4_elements_0_elements_2_elements_24_title,pages_4_elements_0_elements_2_elements_14_title,Death of other family member (brother or sister).,Death of other family member (brother or sister).,missing key,Death of other family member (brother or sister).,missing key,Death of other family member (brother or sister).,Tod eines anderen Familienmitglieds (Bruder oder Schwester).,Tod eines anderen Familienmitglieds (Bruder oder Schwester).,missing key,missing key,Fallecimiento de otro familiar (hermano o hermana).,missing key,missing key,Fallecimiento de otro familiar (hermano o hermana).
pages_1_elements_0_elements_0_labelFalse,pages_4_elements_0_elements_2_elements_15_labelFalse,No,No,missing key,No,missing key,No,Nein,Nein,missing key,missing key,No,missing key,missing key,No
pages_1_elements_0_elements_0_labelTrue,pages_4_elements_0_elements_2_elements_15_labelTrue,Yes,Yes,missing key,Yes,missing key,Yes,Ja,Ja,missing key,missing key,Sí,missing key,missing key,Sí
pages_4_elements_0_elements_2_elements_25_title,pages_4_elements_0_elements_2_elements_15_title,Death of other family member (parent).,Death of other family member (parent).,missing key,Death of other family member (parent).,missing key,Death of other family member (parent).,Tod eines anderen Familienmitglieds (Elternteil).,Tod eines anderen Familienmitglieds (Elternteil).,missing key,missing key,Fallecimiento de otro familiar (padre o madre).,missing key,missing key,Fallecimiento de otro familiar (padre o madre).
pages_1_elements_0_elements_0_labelFalse,pages_4_elements_0_elements_2_elements_1_labelFalse,No,No,missing key,No,missing key,No,Nein,Nein,missing key,missing key,No,missing key,missing key,No
pages_1_elements_0_elements_0_labelTrue,pages_4_elements_0_elements_2_elements_1_labelTrue,Yes,Yes,missing key,Yes,missing key,Yes,Ja,Ja,missing key,missing key,Sí,missing key,missing key,Sí
pages_4_elements_0_elements_2_elements_5_title,pages_4_elements_0_elements_2_elements_1_title,Marriage.,Marriage.,missing key,Marriage.,missing key,Marriage.,Heirat.,Heirat.,missing key,missing key,Matrimonio.,missing key,missing key,Matrimonio.
pages_1_elements_0_elements_0_labelFalse,pages_4_elements_0_elements_2_elements_2_labelFalse,No,No,missing key,No,missing key,No,Nein,Nein,missing key,missing key,No,missing key,missing key,No
pages_1_elements_0_elements_0_labelTrue,pages_4_elements_0_elements_2_elements_2_labelTrue,Yes,Yes,missing key,Yes,missing key,Yes,Ja,Ja,missing key,missing key,Sí,missing key,missing key,Sí
pages_4_elements_0_elements_2_elements_6_title,pages_4_elements_0_elements_2_elements_2_title,Pregnancy.,Pregnancy.,missing key,Pregnancy.,missing key,Pregnancy.,Schwangerschaft.,Schwangerschaft.,missing key,missing key,Embarazo.,missing key,missing key,Embarazo.
pages_1_elements_0_elements_0_labelFalse,pages_4_elements_0_elements_2_elements_3_labelFalse,No,No,missing key,No,missing key,No,Nein,Nein,missing key,missing key,No,missing key,missing key,No
pages_1_elements_0_elements_0_labelTrue,pages_4_elements_0_elements_2_elements_3_labelTrue,Yes,Yes,missing key,Yes,missing key,Yes,Ja,Ja,missing key,missing key,Sí,missing key,missing key,Sí
pages_4_elements_0_elements_2_elements_7_title,pages_4_elements_0_elements_2_elements_3_title,Gain of a new family member (birth of a child).,Gain of a new family member (birth of a child).,missing key,Gain of a new family member (birth of a child).,missing key,Gain of a new family member (birth of a child).,Zuwachs eines neuen Familienmitglieds (Geburt eines Kindes).,Zuwachs eines neuen Familienmitglieds (Geburt eines Kindes).,missing key,missing key,Llegada de un nuevo miembro a la familia (nacimiento de un niño(a)).,missing key,missing key,Llegada de un nuevo miembro a la familia (nacimiento de un niño(a)).
pages_1_elements_0_elements_0_labelFalse,pages_4_elements_0_elements_2_elements_4_labelFalse,No,No,missing key,No,missing key,No,Nein,Nein,missing key,missing key,No,missing key,missing key,No
pages_1_elements_0_elements_0_labelTrue,pages_4_elements_0_elements_2_elements_4_labelTrue,Yes,Yes,missing key,Yes,missing key,Yes,Ja,Ja,missing key,missing key,Sí,missing key,missing key,Sí
pages_4_elements_0_elements_2_elements_8_title,pages_4_elements_0_elements_2_elements_4_title,Gain of a new family member (adoption of a child).,Gain of a new family member (adoption of a child).,missing key,Gain of a new family member (adoption of a child).,missing key,Gain of a new family member (adoption of a child).,Zuwachs eines neuen Familienmitglieds (Adoption eines Kindes).,Zuwachs eines neuen Familienmitglieds (Adoption eines Kindes).,missing key,missing key,Llegada de un nuevo miembro de la familia (adopción de un niño(a)).,missing key,missing key,Llegada de un nuevo miembro de la familia (adopción de un niño(a)).
pages_1_elements_0_elements_0_labelFalse,pages_4_elements_0_elements_2_elements_5_labelFalse,No,No,missing key,No,missing key,No,Nein,Nein,missing key,missing key,No,missing key,missing key,No
pages_1_elements_0_elements_0_labelTrue,pages_4_elements_0_elements_2_elements_5_labelTrue,Yes,Yes,missing key,Yes,missing key,Yes,Ja,Ja,missing key,missing key,Sí,missing key,missing key,Sí
pages_4_elements_0_elements_2_elements_9_title,pages_4_elements_0_elements_2_elements_5_title,Gain of a new family member (a relative moving in with you).,Gain of a new family member (a relative moving in with you).,missing key,Gain of a new family member (a relative moving in with you).,missing key,Gain of a new family member (a relative moving in with you).,Zuwachs eines neuen Familienmitglieds (ein Verwandter zieht bei Ihnen ein).,Zuwachs eines neuen Familienmitglieds (ein Verwandter zieht bei Ihnen ein).,missing key,missing key,Llegada de un nuevo familiar (un pariente que se mudó a vivir con usted).,missing key,missing key,Llegada de un nuevo familiar (un pariente que se mudó a vivir con usted).
pages_1_elements_0_elements_0_labelFalse,pages_4_elements_0_elements_2_elements_6_labelFalse,No,No,missing key,No,missing key,No,Nein,Nein,missing key,missing key,No,missing key,missing key,No
pages_1_elements_0_elements_0_labelTrue,pages_4_elements_0_elements_2_elements_6_labelTrue,Yes,Yes,missing key,Yes,missing key,Yes,Ja,Ja,missing key,missing key,Sí,missing key,missing key,Sí
pages_4_elements_0_elements_2_elements_14_title,pages_4_elements_0_elements_2_elements_6_title,Change in arguments with spouse.,Change in arguments with spouse.,missing key,Change in arguments with spouse.,missing key,Change in arguments with spouse.,Änderung der Streitigkeiten mit dem Ehepartner.,Änderung der Streitigkeiten mit dem Ehepartner.,missing key,missing key,Cambios en el tipo y forma de las discusiones con el cónyuge.,missing key,missing key,Cambios en el tipo y forma de las discusiones con el cónyuge.
pages_1_elements_0_elements_0_labelFalse,pages_4_elements_0_elements_2_elements_7_labelFalse,No,No,missing key,No,missing key,No,Nein,Nein,missing key,missing key,No,missing key,missing key,No
pages_1_elements_0_elements_0_labelTrue,pages_4_elements_0_elements_2_elements_7_labelTrue,Yes,Yes,missing key,Yes,missing key,Yes,Ja,Ja,missing key,missing key,Sí,missing key,missing key,Sí
pages_4_elements_0_elements_2_elements_16_title,pages_4_elements_0_elements_2_elements_7_title,Change to the marital status of your parents (divorce).,Change to the marital status of your parents (divorce).,missing key,Change to the marital status of your parents (divorce).,missing key,Change to the marital status of your parents (divorce).,Änderung des Ehestandes Ihrer Eltern (Scheidung).,Änderung des Ehestandes Ihrer Eltern (Scheidung).,missing key,missing key,Cambio en el estado civil de sus padres (divorcio).,missing key,missing key,Cambio en el estado civil de sus padres (divorcio).
pages_1_elements_0_elements_0_labelFalse,pages_4_elements_0_elements_2_elements_8_labelFalse,No,No,missing key,No,missing key,No,Nein,Nein,missing key,missing key,No,missing key,missing key,No
pages_1_elements_0_elements_0_labelTrue,pages_4_elements_0_elements_2_elements_8_labelTrue,Yes,Yes,missing key,Yes,missing key,Yes,Ja,Ja,missing key,missing key,Sí,missing key,missing key,Sí
pages_4_elements_0_elements_2_elements_17_title,pages_4_elements_0_elements_2_elements_8_title,Change to the marital status of your parents (remarriage).,Change to the marital status of your parents (remarriage).,missing key,Change to the marital status of your parents (remarriage).,missing key,Change to the marital status of your parents (remarriage).,Änderung des Ehestandes Ihrer Eltern (erneute Heirat).,Änderung des Ehestandes Ihrer Eltern (erneute Heirat).,missing key,missing key,Cambio de estado civil de sus padres (segundas nupcias).,missing key,missing key,Cambio de estado civil de sus padres (segundas nupcias).
pages_1_elements_0_elements_0_labelFalse,pages_4_elements_0_elements_2_elements_9_labelFalse,No,No,missing key,No,missing key,No,Nein,Nein,missing key,missing key,No,missing key,missing key,No
pages_1_elements_0_elements_0_labelTrue,pages_4_elements_0_elements_2_elements_9_labelTrue,Yes,Yes,missing key,Yes,missing key,Yes,Ja,Ja,missing key,missing key,Sí,missing key,missing key,Sí
pages_4_elements_0_elements_2_elements_18_title,pages_4_elements_0_elements_2_elements_9_title,Separation from spouse (due to work).,Separation from spouse (due to work).,missing key,Separation from spouse (due to work).,missing key,Separation from spouse (due to work).,Trennung vom Ehepartner (aus beruflichen Gründen).,Trennung vom Ehepartner (aus beruflichen Gründen).,missing key,missing key,Separación del cónyuge (por motivos de trabajo).,missing key,missing key,Separación del cónyuge (por motivos de trabajo).
pages_4_elements_0_elements_2_title,pages_4_elements_0_elements_2_title,Home and Family:,Home and Family:,missing key,Home and Family:,missing key,Home and Family:,Haus und Familie:,Haus und Familie:,missing key,missing key,Hogar y Familia:,missing key,missing key,Hogar y Familia:
pages_1_elements_0_elements_0_labelFalse,pages_4_elements_0_elements_3_elements_0_labelFalse,No,No,missing key,No,missing key,No,Nein,Nein,missing key,missing key,No,missing key,missing key,No
pages_1_elements_0_elements_0_labelTrue,pages_4_elements_0_elements_3_elements_0_labelTrue,Yes,Yes,missing key,Yes,missing key,Yes,Ja,Ja,missing key,missing key,Sí,missing key,missing key,Sí
pages_4_elements_0_elements_3_elements_13_title,pages_4_elements_0_elements_3_elements_0_title,Death of a close friend.,Death of a close friend.,missing key,Death of a close friend.,missing key,Death of a close friend.,Tod eines engen Freundes.,Tod eines engen Freundes.,missing key,missing key,Muerte de un amigo cercano.,missing key,missing key,Muerte de un amigo cercano.
pages_1_elements_0_elements_0_labelFalse,pages_4_elements_0_elements_3_elements_1_labelFalse,No,No,missing key,No,missing key,No,Nein,Nein,missing key,missing key,No,missing key,missing key,No
pages_1_elements_0_elements_0_labelTrue,pages_4_elements_0_elements_3_elements_1_labelTrue,Yes,Yes,missing key,Yes,missing key,Yes,Ja,Ja,missing key,missing key,Sí,missing key,missing key,Sí
pages_4_elements_0_elements_3_elements_14_title,pages_4_elements_0_elements_3_elements_1_title,Major decision regarding your immediate future.,Major decision regarding your immediate future.,missing key,Major decision regarding your immediate future.,missing key,Major decision regarding your immediate future.,Wichtige Entscheidung über Ihre unmittelbare Zukunft.,Wichtige Entscheidung über Ihre unmittelbare Zukunft.,missing key,missing key,Decisión importante sobre su futuro inmediato.,missing key,missing key,Decisión importante sobre su futuro inmediato.
pages_4_elements_0_elements_3_title,pages_4_elements_0_elements_3_title,Personal and Social:,Personal and Social:,missing key,Personal and Social:,missing key,Personal and Social:,Persönlich und sozial:,Persönlich und sozial:,missing key,missing key,Personal y Social:,missing key,missing key,Personal y Social:
pages_1_elements_0_elements_0_labelFalse,pages_4_elements_0_elements_4_elements_0_labelFalse,No,No,missing key,No,missing key,No,Nein,Nein,missing key,missing key,No,missing key,missing key,No
pages_1_elements_0_elements_0_labelTrue,pages_4_elements_0_elements_4_elements_0_labelTrue,Yes,Yes,missing key,Yes,missing key,Yes,Ja,Ja,missing key,missing key,Sí,missing key,missing key,Sí
pages_4_elements_0_elements_4_elements_1_title,pages_4_elements_0_elements_4_elements_0_title,Major change in finances (decreased income).,Major change in finances (decreased income).,missing key,Major change in finances (decreased income).,missing key,Major change in finances (decreased income).,Starke Veränderung der Finanzen (Einkommensrückgang).,Starke Veränderung der Finanzen (Einkommensrückgang).,missing key,missing key,Cambio importante en las finanzas (disminución de ingresos).,missing key,missing key,Cambio importante en las finanzas (disminución de ingresos).
pages_1_elements_0_elements_0_labelFalse,pages_4_elements_0_elements_4_elements_1_labelFalse,No,No,missing key,No,missing key,No,Nein,Nein,missing key,missing key,No,missing key,missing key,No
pages_1_elements_0_elements_0_labelTrue,pages_4_elements_0_elements_4_elements_1_labelTrue,Yes,Yes,missing key,Yes,missing key,Yes,Ja,Ja,missing key,missing key,Sí,missing key,missing key,Sí
pages_4_elements_0_elements_4_elements_2_title,pages_4_elements_0_elements_4_elements_1_title,Major change in finances (investment and/or credit difficulties).,Major change in finances (investment and/or credit difficulties).,missing key,Major change in finances (investment and/or credit difficulties).,missing key,Major change in finances (investment and/or credit difficulties).,Größere Veränderung der Finanzen (Investitions- und/oder Kreditschwierigkeiten).,Größere Veränderung der Finanzen (Investitions- und/oder Kreditschwierigkeiten).,missing key,missing key,Cambio importante en las finanzas (dificultades de inversión y/o de crédito).,missing key,missing key,Cambio importante en las finanzas (dificultades de inversión y/o de crédito).
pages_1_elements_0_elements_0_labelFalse,pages_4_elements_0_elements_4_elements_2_labelFalse,No,No,missing key,No,missing key,No,Nein,Nein,missing key,missing key,No,missing key,missing key,No
pages_1_elements_0_elements_0_labelTrue,pages_4_elements_0_elements_4_elements_2_labelTrue,Yes,Yes,missing key,Yes,missing key,Yes,Ja,Ja,missing key,missing key,Sí,missing key,missing key,Sí
pages_4_elements_0_elements_4_elements_6_title,pages_4_elements_0_elements_4_elements_2_title,Foreclosure on a mortgage or loan.,Foreclosure on a mortgage or loan.,missing key,Foreclosure on a mortgage or loan.,missing key,Foreclosure on a mortgage or loan.,Zwangsvollstreckung einer Hypothek oder eines Kredits.,Zwangsvollstreckung einer Hypothek oder eines Kredits.,missing key,missing key,Ejecución de una hipoteca o préstamo.,missing key,missing key,Ejecución de una hipoteca o préstamo.
pages_4_elements_0_elements_4_title,pages_4_elements_0_elements_4_title,Financial:,Financial:,missing key,Financial:,missing key,Financial:,Finanzen:,Finanzen:,missing key,missing key,Financiera:,missing key,missing key,Financiera:
,pages_4_elements_0_title,missing key,Please select Yes or No to indicate whether each event has happened to you <b>in the past year.</b>,missing key,Please select Yes or No to indicate whether each event has happened to you <b>in the past year</b>.,missing key,Please select Yes or No to indicate whether each event has happened to you <b>in the past year</b>.,missing key,"Bitte wählen Sie Ja oder Nein, um anzugeben, ob Ihnen das jeweilige Ereignis im vergangenen Jahr widerfahren ist.",missing key,missing key,missing key,missing key,missing key,Indique con Sí o No si le ha sucedido alguna de las siguientes cosas <b>en el último año</b>.
,pages_5_elements_0_title,missing key,"<b>Instructions:</b> Think of this line as representing where people stand in the <i>country where you live</i>. To the <b>right</b> are the people who are the best off - those who have the most money, the most education, and the most respected jobs. To the <b>left</b> are the people who are the worst off - those who have the least money, the least education, the least respected jobs, or no job. The further to the right you are on the line, the closer you are to the people at the very top; the further to the left you are, the closer you are to the people at the very bottom. <br><b>Where would you place yourself on this line?</b><br> Move the slider to where you think you stand at this time in your life relative to other people in your country.",missing key,"<b>Instructions:</b> Think of this line as representing where people stand in the <i>country where you live</i>. To the <b>right</b> are the people who are the best off - those who have the most money, the most education, and the most respected jobs. To the <b>left</b> are the people who are the worst off - those who have the least money, the least education, the least respected jobs, or no job. The further to the right you are on the line, the closer you are to the people at the very top; the further to the left you are, the closer you are to the people at the very bottom.<br><b>Where would you place yourself on this line?</b><br>Move the slider to where you think you stand at this time in your life relative to other people in your country.",missing key,"<b>Instructions:</b> Think of this line as representing where people stand in the <i>country where you live</i>. To the <b>right</b> are the people who are the best off - those who have the most money, the most education, and the most respected jobs. To the <b>left</b> are the people who are the worst off - those who have the least money, the least education, the least respected jobs, or no job. The further to the right you are on the line, the closer you are to the people at the very top; the further to the left you are, the closer you are to the people at the very bottom.<br><b>Where would you place yourself on this line?</b><br>Move the slider to where you think you stand at this time in your life relative to other people in your country.",missing key,"<b>Anweisungen:</b> Stellen Sie sich vor, dass diese Linie zeigt, wo sich die Menschen<i>in dem Land, in dem Sie leben, befinden</i>. Auf der <b>rechten</b> Seite befinden sich die Menschen, denen es am besten geht - diejenigen, die das meiste Geld, die beste Ausbildung und die angesehensten Arbeitsplätze haben. Auf der <b>linken</b> Seite befinden sich die Menschen, denen es am schlechtesten geht - diejenigen, die das wenigste Geld, die geringste Bildung, die am wenigsten angesehenen Arbeitsplätze oder gar keinen Arbeitsplatz haben.Je weiter rechts Sie sich auf der Linie befinden, desto näher sind Sie den Menschen ganz oben; je weiter links Sie sind, desto näher sind Sie den Menschen ganz unten.<br><b>Wo würden Sie sich selbst auf dieser Linie einordnen?</b><br>Bewegen Sie den Schieberegler dorthin, wo Sie Ihrer Meinung nach im Vergleich zu anderen Menschen in Ihrem Land derzeit stehen.",missing key,missing key,missing key,missing key,missing key,"<b>Instrucciones:</b> Piense que esta línea representa la situación de la gente en <i>el país en el que vive</i>. <b>A la derecha</b> están las personas más acomodadas: las que tienen más dinero, más educación y los trabajos más respetados. <b>A la izquierda</b> están las personas que están en peor situación: las que tienen menos dinero, menos educación, los trabajos menos respetados o ningún trabajo. Cuanto más a la derecha se encuentre en la línea, más cerca estará de la gente que más tiene; cuanto más a la izquierda, más cerca estará de la gente que menos tiene.<br><b>¿Dónde se situaría usted en esta línea?</b><br>Mueva y ubique el círculo sobre la recta donde usted crea que encontrarse en este momento de su vida en relación con otras personas de su país."
,pages_5_elements_1_title,missing key,<b>Instructions:</b> Think of this line as representing where people stand in their <i>communities</i>. People define community in different ways; please define it in whatever way is most meaningful to you. To the <b>right</b> are people who have the highest standing in their community. To the <b>left</b> are the people who have the lowest standing in their community. <br><b>Where would you place yourself on this line?<b><br>Move the slider to where you think you stand at this time in your life relative to other people in your community.,missing key,<b>Instructions:</b> Think of this line as representing where people stand in their <i>communities</i>. People define community in different ways; please define it in whatever way is most meaningful to you. To the <b>right</b> are people who have the highest standing in their community. To the <b>left</b> are the people who have the lowest standing in their community.<br><b>Where would you place yourself on this line?</b><br>Move the slider to where you think you stand at this time in your life relative to other people in your community.,missing key,<b>Instructions:</b> Think of this line as representing where people stand in their <i>communities</i>. People define community in different ways; please define it in whatever way is most meaningful to you. To the <b>right</b> are people who have the highest standing in their community. To the <b>left</b> are the people who have the lowest standing in their community.<br><b>Where would you place yourself on this line?</b><br>Move the slider to where you think you stand at this time in your life relative to other people in your community.,missing key,"<b>Anweisungen:</b> Stellen Sie sich vor, dass diese Linie zeigt, wo die Menschen in ihren <i>Gemeinschaften</i> stehen. Menschen definieren Gemeinschaft auf unterschiedliche Weise; bitte definieren Sie sie so, wie es für Sie am sinnvollsten ist. Auf der <b>rechten</b> Seite stehen die Menschen, die den höchsten Stellenwert in ihrer Gemeinschaft haben. Auf der <b>linken</b> Seite befinden sich die Menschen, die den niedrigsten Stellenwert in ihrer Gemeinschaft haben.<br><b>Wo würden Sie sich auf dieser Linie einordnen?</b><br>Bewegen Sie den Schieberegler dorthin, wo Sie Ihrer Meinung nach im Vergleich zu den anderen Menschen in Ihrer Gemeinschaft stehen.",missing key,missing key,missing key,missing key,missing key,"<b>Instrucciones:</b> Piense que esta línea representa la posición de las personas en sus <i>comunidades</i>. La gente define la comunidad de distintas maneras; por favor, piense en la definición que a usted le resulte más significativa. <b>A la derecha</b> están las personas que gozan de mayor prestigio en su comunidad. <b>A la izquierda</> están las personas que tienen menor prestigio en su comunidad.<br><b>¿Dónde se situaría en esta línea?</b><br>Mueve y ubique el círculo sobre la recta donde usted creas que encontrarse en este momento de su vida en relación con otras personas de su comunidad."
,startSurveyText,missing key,Start Survey,missing key,Start Survey,missing key,Start Survey,missing key,Umfrage starten,missing key,Weiter,missing key,missing key,missing key,Comenzar Encuesta
